TYPE,TEETH OF GEAR,QTY,UNIT,Dia /size,DP/ B.SIZE,Pitch dia(in inch),Module,STORAGE LOCATION RACK AND SLOT NO,UNIQUE ID,
GEAR,25,2,Nos,155,4,6,6,,GEAR--25--155--4,
GEAR,25,2,Nos,125,5,5,5,,GEAR--25--125--5,
GEAR,40,7,Nos,210,5,8,5,,GEAR--40--210--5,
GEAR,45,8,Nos,240,5,9,5,,GEAR--45--240--5,
GEAR,51,1,Nos,270,5,11,5,,GEAR--51--270--5,
GEAR,35,2,Nos,190,5,7,5,,GEAR--35--190--5,
GEAR,36,1,Nos,250,4,10,7,,GEAR--36--250--4,
GEAR,30,2,Nos,185,4,7,6,,GEAR--30--185--4,
GEAR,30,1,Nos,160,5,6,5,,GEAR--30--160--5,
GEAR,55,2,Nos,345,4,14,6,,GEAR--55--345--4,
GEAR,55,1,Nos,275,5,11,5,,GEAR--55--275--5,
GEAR,50,1,Nos,315,4,12,6,,GEAR--50--315--4,
GEAR,50,1,Nos,260,5,10,5,,GEAR--50--260--5,
GEAR,75,1,Nos,470,4,19,6,,GEAR--75--470--4,
GEAR,70,1,Nos,440,4,17,6,,GEAR--70--440--4,
GEAR,70,1,Nos,370,5,15,5,,GEAR--70--370--5,
GEAR,60,1,Nos,320,5,13,5,,GEAR--60--320--5,
GEAR,65,1,Nos,410,4,16,6,,GEAR--65--410--4,
GEAR,75,1,Nos,390,5,15,5,,GEAR--75--390--5,
GEAR,75,1,Nos,470,4,19,6,,GEAR--75--470--4,
GEAR,80,1,Nos,420,5,17,5,,GEAR--80--420--5,
GEAR,95,1,Nos,490,5,19,5,,GEAR--95--490--5,
GEAR,42,1,Nos,265,4,10,6,,GEAR--42--265--4,
GEAR,65,1,NOS,330,5,13,5,,GEAR--65--330--5,
GEAR,58,1,NOS,380,4,15,7,,GEAR--58--380--4,
GEAR,75,1,NOS,390,5,15,5,,GEAR--75--390--5,
GEAR,70,1,NOS,370,5,15,5,,GEAR--70--370--5,
GEAR,64,1,NOS,420,4,17,7,,GEAR--64--420--4,
GEAR,62,1,NOS,410,4,16,7,,GEAR--62--410--4,
GEAR,95,1,NOS,410,6,16,4,,GEAR--95--410--6,
GEAR,48,1,NOS,340,4,13,7,,GEAR--48--340--4,
GEAR,51,1,NOS,260,5,10,5,,GEAR--51--260--5,
GEAR,45,1,NOS,230,5,9,5,,GEAR--45--230--5,
GEAR,27,1,NOS,140,5,6,5,,GEAR--27--140--5,
GEAR,26,1,NOS,140,5,6,5,,GEAR--26--140--5,
GEAR,40,1,NOS,210,5,8,5,,GEAR--40--210--5,
GEAR,35,1,NOS,190,5,7,5,,GEAR--35--190--5,
GEAR,55,1,NOS,280,5,11,5,,GEAR--55--280--5,
GEAR,40,1,NOS,260,4,10,7,,GEAR--40--260--4,
GEAR,70,1,NOS,360,5,14,5,,GEAR--70--360--5,
GEAR,95,1,NOS,210,12,8,2,,GEAR--95--210--12,
GEAR,95,1,Nos,300,8,12,3,,GEAR--95--300--8,
RBD,8.5,1,Nos,DD,,,,at wire drawing m/c,RBD--8.5--DD--,
RBD,8.4,1,Nos,DD,,,,at wire drawing m/c,RBD--8.4--DD--,
RBD,7.27,1,Nos,DD,,,,at wire drawing m/c,RBD--7.27--DD--,
RBD,6.3,1,Nos,DD,,,,at wire drawing m/c,RBD--6.3--DD--,
RBD,5.45,1,Nos,DD,,,,at wire drawing m/c,RBD--5.45--DD--,
RBD,4.75,1,Nos,DD,,,,at wire drawing m/c,RBD--4.75--DD--,
RBD,4.6,1,Nos,DD,,,,at wire drawing m/c,RBD--4.6--DD--,
RBD,4.09,1,Nos,DD,,,,at wire drawing m/c,RBD--4.09--DD--,
RBD,3.93,1,Nos,DD,,,,at wire drawing m/c,RBD--3.93--DD--,
RBD,3.8,1,Nos,DD,,,,at wire drawing m/c,RBD--3.8--DD--,
RBD,3.6,1,Nos,DD,,,,at wire drawing m/c,RBD--3.6--DD--,
RBD,3.62,1,Nos,DD,,,,at wire drawing m/c,RBD--3.62--DD--,
RBD,3.53,1,Nos,DD,,,,at wire drawing m/c,RBD--3.53--DD--,
RBD,3.45,1,Nos,DD,,,,at wire drawing m/c,RBD--3.45--DD--,
RBD,3.36,1,Nos,DD,,,,at wire drawing m/c,RBD--3.36--DD--,
RBD,3.3,1,Nos,DD,,,,at wire drawing m/c,RBD--3.3--DD--,
RBD,3.24,1,Nos,DD,,,,at wire drawing m/c,RBD--3.24--DD--,
RBD,3.17,1,Nos,DD,,,,at wire drawing m/c,RBD--3.17--DD--,
RBD,3.18,1,Nos,DD,,,,at wire drawing m/c,RBD--3.18--DD--,
RBD,3.13,1,Nos,DD,,,,at wire drawing m/c,RBD--3.13--DD--,
RBD,3.08,1,Nos,DD,,,,at wire drawing m/c,RBD--3.08--DD--,
RBD,3,1,Nos,DD,,,,at wire drawing m/c,RBD--3--DD--,
RBD,2.93,1,Nos,DD,,,,at wire drawing m/c,RBD--2.93--DD--,
RBD,2.85,1,Nos,DD,,,,at wire drawing m/c,RBD--2.85--DD--,
RBD,2.82,1,Nos,DD,,,,at wire drawing m/c,RBD--2.82--DD--,
RBD,2.68,1,Nos,DD,,,,at wire drawing m/c,RBD--2.68--DD--,
RBD,2.67,1,Nos,DD,,,,at wire drawing m/c,RBD--2.67--DD--,
RBD,2.65,1,Nos,DD,,,,at wire drawing m/c,RBD--2.65--DD--,
RBD,2.6,1,Nos,DD,,,,at wire drawing m/c,RBD--2.6--DD--,
RBD,2.56,1,Nos,DD,,,,at wire drawing m/c,RBD--2.56--DD--,
RBD,2.5,1,Nos,DD,,,,at wire drawing m/c,RBD--2.5--DD--,
RBD,2.44,1,Nos,DD,,,,at wire drawing m/c,RBD--2.44--DD--,
RBD,2.4,1,Nos,DD,,,,at wire drawing m/c,RBD--2.4--DD--,
RBD,2.36,1,Nos,DD,,,,at wire drawing m/c,RBD--2.36--DD--,
RBD,2.34,1,Nos,DD,,,,at wire drawing m/c,RBD--2.34--DD--,
RBD,2.31,1,Nos,DD,,,,at wire drawing m/c,RBD--2.31--DD--,
RBD,2.26,1,Nos,DD,,,,at wire drawing m/c,RBD--2.26--DD--,
RBD,2.23,1,Nos,DD,,,,at wire drawing m/c,RBD--2.23--DD--,
RBD,2.2,1,Nos,DD,,,,at wire drawing m/c,RBD--2.2--DD--,
RBD,2.1,1,Nos,DD,,,,at wire drawing m/c,RBD--2.1--DD--,
RBD,2.05,1,Nos,DD,,,,at wire drawing m/c,RBD--2.05--DD--,
RBD,2,1,Nos,DD,,,,at wire drawing m/c,RBD--2--DD--,
RBD,1.98,1,Nos,DD,,,,at wire drawing m/c,RBD--1.98--DD--,
RBD,1.93,1,Nos,DD,,,,at wire drawing m/c,RBD--1.93--DD--,
RBD,1.85,1,Nos,DD,,,,at wire drawing m/c,RBD--1.85--DD--,
RBD,1.88,1,Nos,DD,,,,at wire drawing m/c,RBD--1.88--DD--,
RBD,1.7,1,Nos,DD,,,,at wire drawing m/c,RBD--1.7--DD--,
RBD,1.63,1,Nos,DD,,,,at wire drawing m/c,RBD--1.63--DD--,
RBD,1.55,1,Nos,DD,,,,at wire drawing m/c,RBD--1.55--DD--,
RBD,1.32,1,Nos,DD,,,,7E,RBD--1.32--DD--,
RBD,1.36,1,Nos,DD,,,,7E,RBD--1.36--DD--,
RBD,4.9,1,Nos,DD,,,,7E,RBD--4.9--DD--,
RBD,4.3,1,Nos,DD,,,,7E,RBD--4.3--DD--,
RBD,5.45,1,Nos,TC,,,,7E,RBD--5.45--TC--,
RBD,7.27,1,Nos,TC,,,,7E,RBD--7.27--TC--,
RBD,8.35,1,Nos,TC,,,,7E,RBD--8.35--TC--,
RBD,6.55,1,Nos,TC,,,,7E,RBD--6.55--TC--,
RBD,8.45,1,Nos,TC,,,,7E,RBD--8.45--TC--,
RBD,2.5,1,Nos,TC,,,,7E,RBD--2.5--TC--,
RBD,4.75,1,Nos,TC,,,,7E,RBD--4.75--TC--,
RBD,3.2,1,Nos,TC,,,,7E,RBD--3.2--TC--,
RBD,5.5,1,Nos,TC,,,,7E,RBD--5.5--TC--,
RBD,4.56,1,Nos,TC,,,,7E,RBD--4.56--TC--,
RBD,3.37,1,Nos,TC,,,,7E,RBD--3.37--TC--,
RBD,5.45,2,Nos,TC,,,,7E,RBD--5.45--TC--,
RBD,3.6,1,Nos,TC,,,,7E,RBD--3.6--TC--,
RBD,2.4,1,Nos,TC,,,,7E,RBD--2.4--TC--,
RBD,2.85,1,Nos,TC,,,,7E,RBD--2.85--TC--,
RBD,6.3,2,Nos,TC,,,,7E,RBD--6.3--TC--,
RBD,1.82,1,Nos,TC,,,,7E,RBD--1.82--TC--,
RBD,2.27,1,Nos,TC,,,,7E,RBD--2.27--TC--,
RBD,3.61,1,Nos,TC,,,,7E,RBD--3.61--TC--,
RBD,3.2,1,Nos,TC,,,,7E,RBD--3.2--TC--,
RBD,3,2,Nos,TC,,,,7E,RBD--3--TC--,
RBD,8.4,1,Nos,TC,,,,7E,RBD--8.4--TC--,
RBD,3.12,1,Nos,TC,,,,7E,RBD--3.12--TC--,
RBD,1.9,1,Nos,TC,,,,7E,RBD--1.9--TC--,
RBD,6.3,1,Nos,TC,,,,7E,RBD--6.3--TC--,
RBD,2.7,1,Nos,TC,,,,7E,RBD--2.7--TC--,
RBD,2.32,1,Nos,TC,,,,7E,RBD--2.32--TC--,
RBD,2.45,1,Nos,TC,,,,7E,RBD--2.45--TC--,
RBD,2.15,1,Nos,TC,,,,7E,RBD--2.15--TC--,
RBD,1.72,1,Nos,TC,,,,7E,RBD--1.72--TC--,
RBD,7.27,3,Nos,TC,,,,7E,RBD--7.27--TC--,
RBD,2.72,1,Nos,TC,,,,7E,RBD--2.72--TC--,
RBD,5.45,1,Nos,TC,,,,7E,RBD--5.45--TC--,
RBD,3.5,1,Nos,TC,,,,7E,RBD--3.5--TC--,
RBD,2.2,1,Nos,TC,,,,7E,RBD--2.2--TC--,
RBD,3.55,1,Nos,TC,,,,7E,RBD--3.55--TC--,
RBD,3.45,1,Nos,TC,,,,7E,RBD--3.45--TC--,
RBD,3.4,1,Nos,TC,,,,7E,RBD--3.4--TC--,
RBD,3.3,1,Nos,TC,,,,7E,RBD--3.3--TC--,
RBD,4.93,1,Nos,TC,,,,7E,RBD--4.93--TC--,
RBD,4.4,1,Nos,TC,,,,7E,RBD--4.4--TC--,
RBD,3.3,1,Nos,TC,,,,7E,RBD--3.3--TC--,
RBD,5.45,1,Nos,TC,,,,7E,RBD--5.45--TC--,
COMP-DIE,4.88,1,Nos,,,,,at stranding m/c,COMP-DIE--4.88----,
COMP-DIE,5.73,1,Nos,,,,,at stranding m/c,COMP-DIE--5.73----,
COMP-DIE,5.45,1,Nos,,,,,at stranding m/c,COMP-DIE--5.45----,
COMP-DIE,3.75,1,Nos,,,,,at stranding m/c,COMP-DIE--3.75----,
COMP-DIE,3.7,1,Nos,,,,,at stranding m/c,COMP-DIE--3.7----,
COMP-DIE,5.8,1,Nos,,,,,at stranding m/c,COMP-DIE--5.8----,
COMP-DIE,10.8,1,Nos,,,,,at stranding m/c,COMP-DIE--10.8----,
COMP-DIE,3.81,1,Nos,,,,,at stranding m/c,COMP-DIE--3.81----,
COMP-DIE,5.54,1,Nos,,,,,at stranding m/c,COMP-DIE--5.54----,
COMP-DIE,7,1,Nos,,,,,at stranding m/c,COMP-DIE--7----,
COMP-DIE,3.95,1,Nos,,,,,at stranding m/c,COMP-DIE--3.95----,
COMP-DIE,3.64,1,Nos,,,,,at stranding m/c,COMP-DIE--3.64----,
COMP-DIE,13.62,1,Nos,,,,,at stranding m/c,COMP-DIE--13.62----,
COMP-DIE,24.8,1,Nos,,,,,at stranding m/c,COMP-DIE--24.8----,
COMP-DIE,12.6,1,Nos,,,,,at stranding m/c,COMP-DIE--12.6----,
COMP-DIE,8.4,1,Nos,,,,,at stranding m/c,COMP-DIE--8.4----,
COMP-DIE,5,1,Nos,,,,,at stranding m/c,COMP-DIE--5----,
COMP-DIE,4.9,1,Nos,,,,,at stranding m/c,COMP-DIE--4.9----,
COMP-DIE,8.3,1,Nos,,,,,at stranding m/c,COMP-DIE--8.3----,
COMP-DIE,7.3,1,Nos,,,,,at stranding m/c,COMP-DIE--7.3----,
COMP-DIE,10.3,1,Nos,,,,,at stranding m/c,COMP-DIE--10.3----,
COMP-DIE,9.56,1,Nos,,,,,at stranding m/c,COMP-DIE--9.56----,
COMP-DIE,12.56,1,Nos,,,,,at stranding m/c,COMP-DIE--12.56----,
COMP-DIE,7.55,1,Nos,,,,,at stranding m/c,COMP-DIE--7.55----,
COMP-DIE,13.5,1,Nos,,,,,at stranding m/c,COMP-DIE--13.5----,
COMP-DIE,17.6,1,Nos,,,,,at stranding m/c,COMP-DIE--17.6----,
COMP-DIE,12.3,1,Nos,,,,,at stranding m/c,COMP-DIE--12.3----,
COMP-DIE,21,1,Nos,,,,,at stranding m/c,COMP-DIE--21----,
COMP-DIE,27.56,1,Nos,,,,,at stranding m/c,COMP-DIE--27.56----,
COMP-DIE,23,1,Nos,,,,,at stranding m/c,COMP-DIE--23----,
COMP-DIE,20,1,Nos,,,,,at stranding m/c,COMP-DIE--20----,
COMP-DIE,14,1,Nos,,,,,at stranding m/c,COMP-DIE--14----,
COMP-DIE,18.3,1,Nos,,,,,at stranding m/c,COMP-DIE--18.3----,
COMP-DIE,18.15,1,Nos,,,,,at stranding m/c,COMP-DIE--18.15----,
COMP-DIE,18.2,1,Nos,,,,,at stranding m/c,COMP-DIE--18.2----,
COMP-DIE,15.8,1,Nos,,,,,at stranding m/c,COMP-DIE--15.8----,
COMP-DIE,16,1,Nos,,,,,at stranding m/c,COMP-DIE--16----,
COMP-DIE,18,1,Nos,,,,,at stranding m/c,COMP-DIE--18----,
COMP-DIE,13.8,1,Nos,,,,,at stranding m/c,COMP-DIE--13.8----,
COMP-DIE,13.1,1,Nos,,,,,at stranding m/c,COMP-DIE--13.1----,
COMP-DIE,12.2,1,Nos,,,,,at stranding m/c,COMP-DIE--12.2----,
COMP-DIE,12.8,1,Nos,,,,,at stranding m/c,COMP-DIE--12.8----,
COMP-DIE,14.3,1,Nos,,,,,at stranding m/c,COMP-DIE--14.3----,
COMP-DIE,11,1,Nos,,,,,at stranding m/c,COMP-DIE--11----,
COMP-DIE,13.6,1,Nos,,,,,at stranding m/c,COMP-DIE--13.6----,
COMP-DIE,13,1,Nos,,,,,at stranding m/c,COMP-DIE--13----,
COMP-DIE,12.2,1,Nos,,,,,at stranding m/c,COMP-DIE--12.2----,
COMP-DIE,12.5,1,Nos,,,,,at stranding m/c,COMP-DIE--12.5----,
COMP-DIE,11.8,1,Nos,,,,,at stranding m/c,COMP-DIE--11.8----,
COMP-DIE,12.6,1,Nos,,,,,at stranding m/c,COMP-DIE--12.6----,
COMP-DIE,15,1,Nos,,,,,at stranding m/c,COMP-DIE--15----,
COMP-DIE,8.6,1,Nos,,,,,at stranding m/c,COMP-DIE--8.6----,
COMP-DIE,13.7,1,Nos,,,,,at stranding m/c,COMP-DIE--13.7----,
COMP-DIE,10.8,1,Nos,,,,,at stranding m/c,COMP-DIE--10.8----,
COMP-DIE,13.2,1,Nos,,,,,at stranding m/c,COMP-DIE--13.2----,
COMP-DIE,12.2,1,Nos,,,,,at stranding m/c,COMP-DIE--12.2----,
COMP-DIE,11.56,1,Nos,,,,,at stranding m/c,COMP-DIE--11.56----,
COMP-DIE,8.8,1,Nos,,,,,at stranding m/c,COMP-DIE--8.8----,
COMP-DIE,4.93,1,Nos,,,,,at stranding m/c,COMP-DIE--4.93----,
COMP-DIE,12,1,Nos,,,,,at stranding m/c,COMP-DIE--12----,
COMP-DIE,5.62,1,Nos,,,,,at stranding m/c,COMP-DIE--5.62----,
COMP-DIE,6.9,1,Nos,,,,,at stranding m/c,COMP-DIE--6.9----,
COMP-DIE,6,1,Nos,,,,,at stranding m/c,COMP-DIE--6----,
COMP-DIE,6.4,1,Nos,,,,,at stranding m/c,COMP-DIE--6.4----,
COMP-DIE,11.2,1,Nos,,,,,at stranding m/c,COMP-DIE--11.2----,
COMP-DIE,5.56,1,Nos,,,,,at stranding m/c,COMP-DIE--5.56----,
COMP-DIE,3.81,1,Nos,,,,,at stranding m/c,COMP-DIE--3.81----,
COMP-DIE,9.8,1,Nos,,,,,at stranding m/c,COMP-DIE--9.8----,
COMP-DIE,7.2,1,Nos,,,,,at stranding m/c,COMP-DIE--7.2----,
COMP-DIE,7.9,1,Nos,,,,,at stranding m/c,COMP-DIE--7.9----,
COMP-DIE,4.75,1,Nos,,,,,at stranding m/c,COMP-DIE--4.75----,
V-BELT,A-TYPE,1,Nos,71,,,,4B,V-BELT--A-TYPE--71--,4B
V-BELT,A-TYPE,1,Nos,46,,,,4B,V-BELT--A-TYPE--46--,4B
V-BELT,A-TYPE,1,Nos,34,,,,WALL,V-BELT--A-TYPE--34--,WALL
V-BELT,A-TYPE,1,Nos,30,,,,WALL,V-BELT--A-TYPE--30--,WALL
V-BELT,B-TYPE,1,Nos,106,,,,WALL,V-BELT--B-TYPE--106--,WALL
V-BELT,B-TYPE,1,Nos,108,,,,WALL,V-BELT--B-TYPE--108--,WALL
V-BELT,B-TYPE,1,Nos,100,,,,WALL,V-BELT--B-TYPE--100--,WALL
V-BELT,B-TYPE,1,Nos,96,,,,WALL,V-BELT--B-TYPE--96--,WALL
V-BELT,B-TYPE,1,Nos,95,,,,WALL,V-BELT--B-TYPE--95--,WALL
V-BELT,B-TYPE,1,Nos,90,,,,4E,V-BELT--B-TYPE--90--,4E
V-BELT,B-TYPE,1,Nos,88,,,,WALL,V-BELT--B-TYPE--88--,WALL
V-BELT,B-TYPE,1,Nos,84,,,,4F,V-BELT--B-TYPE--84--,4F
V-BELT,B-TYPE,1,Nos,82,,,,Wall,V-BELT--B-TYPE--82--,
V-BELT,B-TYPE,1,Nos,79,,,,4E,V-BELT--B-TYPE--79--,4E
V-BELT,B-TYPE,1,Nos,74,,,,4F,V-BELT--B-TYPE--74--,4F
V-BELT,B-TYPE,1,Nos,73,,,,4E,V-BELT--B-TYPE--73--,4E
V-BELT,B-TYPE,1,Nos,70,,,,4E,V-BELT--B-TYPE--70--,4E
V-BELT,B-TYPE,1,Nos,68,,,,Wall,V-BELT--B-TYPE--68--,
V-BELT,B-TYPE,1,Nos,67,,,,4E,V-BELT--B-TYPE--67--,4E
V-BELT,B-TYPE,1,Nos,64,,,,4E,V-BELT--B-TYPE--64--,4E
V-BELT,B-TYPE,1,Nos,62,,,,4E,V-BELT--B-TYPE--62--,4E
V-BELT,B-TYPE,1,Nos,60,,,,4F,V-BELT--B-TYPE--60--,4F
V-BELT,B-TYPE,1,Nos,58,,,,4E,V-BELT--B-TYPE--58--,4E
V-BELT,B-TYPE,1,Nos,56,,,,Wall,V-BELT--B-TYPE--56--,
V-BELT,B-TYPE,1,Nos,52,,,,4E,V-BELT--B-TYPE--52--,4E
V-BELT,B-TYPE,1,Nos,51,,,,4E,V-BELT--B-TYPE--51--,4E
V-BELT,B-TYPE,1,Nos,47,,,,4E,V-BELT--B-TYPE--47--,4E
V-BELT,B-TYPE,1,Nos,44,,,,4E,V-BELT--B-TYPE--44--,4E
V-BELT,B-TYPE,1,Nos,43,,,,WALL,V-BELT--B-TYPE--43--,WALL
V-BELT,B-TYPE,1,Nos,42,,,,4E,V-BELT--B-TYPE--42--,4E
V-BELT,B-TYPE,1,Nos,41,,,,4E,V-BELT--B-TYPE--41--,4E
V-BELT,C-TYPE,1,Nos,165,,,,4C,V-BELT--C-TYPE--165--,4C
V-BELT,C-TYPE,1,Nos,164,,,,4C,V-BELT--C-TYPE--164--,4C
V-BELT,C-TYPE,1,Nos,162,,,,4D,V-BELT--C-TYPE--162--,4D
V-BELT,C-TYPE,1,Nos,158,,,,4A,V-BELT--C-TYPE--158--,4A
V-BELT,C-TYPE,1,Nos,152,,,,4F,V-BELT--C-TYPE--152--,4F
V-BELT,C-TYPE,1,Nos,150,,,,WALL,V-BELT--C-TYPE--150--,WALL
V-BELT,C-TYPE,1,Nos,146,,,,4A,V-BELT--C-TYPE--146--,4A
V-BELT,C-TYPE,1,Nos,136,,,,4C,V-BELT--C-TYPE--136--,4C
V-BELT,C-TYPE,1,Nos,126,,,,4D,V-BELT--C-TYPE--126--,4D
V-BELT,C-TYPE,1,Nos,124,,,,4C,V-BELT--C-TYPE--124--,4C
V-BELT,C-TYPE,1,Nos,118,,,,4C,V-BELT--C-TYPE--118--,4C
V-BELT,C-TYPE,1,Nos,116,,,,4B,V-BELT--C-TYPE--116--,4B
V-BELT,C-TYPE,1,Nos,115,,,,4C,V-BELT--C-TYPE--115--,4C
V-BELT,C-TYPE,1,Nos,112,,,,4F,V-BELT--C-TYPE--112--,4F
V-BELT,C-TYPE,1,Nos,108,,,,WALL,V-BELT--C-TYPE--108--,WALL
V-BELT,C-TYPE,1,Nos,105,,,,WALL,V-BELT--C-TYPE--105--,WALL
V-BELT,C-TYPE,1,Nos,104,,,,4F,V-BELT--C-TYPE--104--,4F
V-BELT,C-TYPE,1,Nos,103,,,,WALL,V-BELT--C-TYPE--103--,WALL
V-BELT,C-TYPE,1,Nos,102,,,,WALL,V-BELT--C-TYPE--102--,WALL
V-BELT,C-TYPE,1,Nos,100,,,,4B,V-BELT--C-TYPE--100--,4B
V-BELT,C-TYPE,1,Nos,99,,,,4D,V-BELT--C-TYPE--99--,4D
V-BELT,C-TYPE,1,Nos,98,,,,WALL,V-BELT--C-TYPE--98--,WALL
V-BELT,C-TYPE,1,Nos,96,,,,WALL,V-BELT--C-TYPE--96--,WALL
V-BELT,C-TYPE,1,Nos,95,,,,4F,V-BELT--C-TYPE--95--,4F
V-BELT,C-TYPE,1,Nos,94,,,,WALL,V-BELT--C-TYPE--94--,WALL
V-BELT,C-TYPE,1,Nos,90,,,,4D,V-BELT--C-TYPE--90--,4D
V-BELT,C-TYPE,1,Nos,85,,,,4D,V-BELT--C-TYPE--85--,4D
V-BELT,C-TYPE,1,Nos,84,,,,WALL,V-BELT--C-TYPE--84--,WALL
V-BELT,C-TYPE,1,Nos,80,,,,4B,V-BELT--C-TYPE--80--,4B
V-BELT,C-TYPE,1,Nos,76,,,,4C,V-BELT--C-TYPE--76--,4C
V-BELT,C-TYPE,1,Nos,68,,,,4F,V-BELT--C-TYPE--68--,4F
V-BELT,C-TYPE,1,Nos,64,,,,4C,V-BELT--C-TYPE--64--,4C
V-BELT,C-TYPE,1,Nos,73,,,,WALL,V-BELT--C-TYPE--73--,WALL
V-BELT,C-TYPE,1,Nos,62,,,,4D,V-BELT--C-TYPE--62--,4D
BEARING,21312-E1-XL,5,Nos,,,,,13 B,BEARING--21312-E1-XL----,
BEARING,22216-E1-YL,1,Nos,,,,,13 A,BEARING--22216-E1-YL----,
BEARING,21312-E1-XL,4,Nos,,,,,13 B,BEARING--21312-E1-XL----,
BEARING,6215-2ZL-140C3,1,Nos,,,,,13 B,BEARING--6215-2ZL-140C3----,
BEARING,6216-2ZL-140C3,2,Nos,,,,,13 B,BEARING--6216-2ZL-140C3----,
BEARING,6210-2Z-C3,6,Nos,,,,,NA,BEARING--6210-2Z-C3----,
BEARING,6200-2ZR-E305B,18,Nos,,,,,13D,BEARING--6200-2ZR-E305B----,
BEARING,6207-C3,8,Nos,,,,,13 B,BEARING--6207-C3----,
BEARING,6209-C3,10,Nos,,,,,13 A,BEARING--6209-C3----,
BEARING,6208-C3,1,Nos,,,,,13 B.C,BEARING--6208-C3----,
BEARING,6213-C3,2,Nos,,,,,13 B,BEARING--6213-C3----,
BEARING,6203-C,19,Nos,,,,,NA,BEARING--6203-C----,
BEARING,6202-C,9,Nos,,,,,13D,BEARING--6202-C----,
BEARING,6201-C,23,Nos,,,,,13D,BEARING--6201-C----,
BEARING,22213-EW33J,2,Nos,,,,,13 C,BEARING--22213-EW33J----,
BEARING,22214-CCW33C3,1,Nos,,,,,13 A,BEARING--22214-CCW33C3----,
BEARING,22214-EL,3,Nos,,,,,13 B,BEARING--22214-EL----,
BEARING,6202-E305A,16,Nos,,,,,13D,BEARING--6202-E305A----,
BEARING,32208-DYH305A,11,Nos,,,,,13 B,BEARING--32208-DYH305A----,
BEARING,32209-DYH305B,13,Nos,,,,,13 B,BEARING--32209-DYH305B----,
BEARING,30207-DYH305A,1,Nos,,,,,NA,BEARING--30207-DYH305A----,
BEARING,30210-DYH305A,3,Nos,,,,,13 A,BEARING--30210-DYH305A----,
BEARING,7208-BTVP,4,Nos,,,,,13 C,BEARING--7208-BTVP----,
BEARING,6006-2RSV2,4,Nos,,,,,13D,BEARING--6006-2RSV2----,
BEARING,6000-2RS,2,Nos,,,,,13D,BEARING--6000-2RS----,
BEARING,6201-2RS,7,Nos,,,,,13D,BEARING--6201-2RS----,
BEARING,6307-ZZ,7,Nos,,,,,13 C,BEARING--6307-ZZ----,
BEARING,6211-ZZ,7,Nos,,,,,13 A,BEARING--6211-ZZ----,
BEARING,6210-ZZ,3,Nos,,,,,13 A,BEARING--6210-ZZ----,
BEARING,6306-ZZ,12,Nos,,,,,13 A,BEARING--6306-ZZ----,
BEARING,6308-ZZ,2,Nos,,,,,13C,BEARING--6308-ZZ----,
BEARING,6013-ZZ,3,Nos,,,,,13 A,BEARING--6013-ZZ----,
BEARING,6313-ZZ,1,Nos,,,,,13 A,BEARING--6313-ZZ----,
BEARING,6313,1,Nos,,,,,13 A,BEARING--6313----,
BEARING,6303-Z,2,Nos,,,,,13 C,BEARING--6303-Z----,
BEARING,6004-RS,41,Nos,,,,,13D,BEARING--6004-RS----,
BEARING,32209,3,Nos,,,,,13 C,BEARING--32209----,
BEARING,32208-A,1,Nos,,,,,13 C,BEARING--32208-A----,
BEARING,32206,2,Nos,,,,,13 C,BEARING--32206----,
BEARING,32208,4,Nos,,,,,"13 A,C",BEARING--32208----,
BEARING,6210-Z,1,Nos,,,,,13 A,BEARING--6210-Z----,
PEDSTRAL,UCP-205,14,Nos,,,,,13 D,PEDSTRAL--UCP-205----,
PEDSTRAL,UCP-207,2,Nos,,,,,13 D,PEDSTRAL--UCP-207----,
PEDSTRAL,UCP-209,4,Nos,,,,,13 D,PEDSTRAL--UCP-209----,
PEDSTRAL,UCP-208,3,Nos,,,,,13 D,PEDSTRAL--UCP-208----,
PEDSTRAL,UCF-208,5,Nos,,,,,13 D,PEDSTRAL--UCF-208----,
PEDSTRAL,UCF-205,4,Nos,,,,,13 D,PEDSTRAL--UCF-205----,
PEDSTRAL,NSK-512,2,Nos,WITHOUT BEARING,,,,13 E,PEDSTRAL--NSK-512--WITHOUT BEARING--,
PEDSTRAL,S-511,3,Nos,WITHOUT BEARING,,,,13 E,PEDSTRAL--S-511--WITHOUT BEARING--,
PEDSTRAL,NSK-506,1,Nos,WITHOUT BEARING,,,,13 E,PEDSTRAL--NSK-506--WITHOUT BEARING--,
PEDSTRAL,NSK-507,1,Nos,WITHOUT BEARING,,,,13 E,PEDSTRAL--NSK-507--WITHOUT BEARING--,
BEARING,6213,1,Nos,,,,,13 B,BEARING--6213----,
BEARING,6014,3,Nos,,,,,13 A,BEARING--6014----,
BEARING,7208-B,4,Nos,,,,,13 C,BEARING--7208-B----,
BEARING,32208,1,Nos,,,,,"13 A,C",BEARING--32208----,
BEARING,32307,1,Nos,,,,,13 C,BEARING--32307----,
BEARING,33206,3,Nos,,,,,13C,BEARING--33206----,
BEARING,32207,3,Nos,,,,,13 C,BEARING--32207----,
BEARING,32206,7,Nos,,,,,13 C,BEARING--32206----,
BEARING,6212,2,Nos,,,,,13 A,BEARING--6212----,
BEARING,51107,2,Nos,,,,,13C,BEARING--51107----,
BEARING,16006,2,Nos,,,,,13 C,BEARING--16006----,
BEARING,6005,5,Nos,,,,,13 C,BEARING--6005----,
BEARING,32212,2,Nos,,,,,13 A,BEARING--32212----,
BEARING,6306,1,Nos,,,,,13 A,BEARING--6306----,
BEARING,51206,2,Nos,,,,,13D,BEARING--51206----,
BEARING,6312,1,Nos,,,,,13 A,BEARING--6312----,
BEARING,6311,11,Nos,,,,,13 B,BEARING--6311----,
BEARING,30209,3,Nos,,,,,13 C,BEARING--30209----,
BEARING,6314,3,Nos,,,,,13 B,BEARING--6314----,
BEARING,6214,1,Nos,,,,,13 A,BEARING--6214----,
BEARING,6022,1,Nos,,,,,13 A,BEARING--6022----,
BEARING,32213-AE78,2,Nos,,,,,13 B,BEARING--32213-AE78----,
BEARING,RMS-12,2,Nos,,,,,13 C,BEARING--RMS-12----,
BEARING,MS-12,1,Nos,,,,,13 C,BEARING--MS-12----,
BEARING,6310,1,Nos,,,,,13 A,BEARING--6310----,
BEARING,RMS-18,4,Nos,,,,,13 A,BEARING--RMS-18----,
BEARING,330365-B1Q,3,Nos,,,,,13 A,BEARING--330365-B1Q----,
BEARING,32216-A,3,Nos,,,,,13 C,BEARING--32216-A----,
BEARING,32207-DY,1,Nos,,,,,13 C,BEARING--32207-DY----,
ELEC,70 Watt LED light,8,Nos,,,,,8 A,ELEC--70 Watt LED light----,
ELEC,50 Watt LED Light,7,Nos,,,,,10 D,ELEC--50 Watt LED Light----,
ELEC,Camera wire,90,MTR,,,,,9 D,ELEC--Camera wire----,
ELEC,wall Fan,2,Nos,,,,,9 TOP,ELEC--wall Fan----,
ELEC,Chamber Heater,14,Nos,,,,,6 C,ELEC--Chamber Heater----,
ELEC,TIMER,1,Nos,,,,,8B,ELEC--TIMER----,
ELEC,3 PHASE socket ,1,Nos,32 AMP,,,,8B,ELEC--3 PHASE socket --32 AMP--,
ELEC,1 phase socket,8,Nos,,,,,8B,ELEC--1 phase socket----,
ELEC, 3 pol MCB ,1,Nos,,,,,9B,ELEC-- 3 pol MCB ----,
ELEC,Limit Switch,6,Nos,,,,,8B,ELEC--Limit Switch----,
ELEC,4 Pol MCCB switch,2,Nos,200 AMP,,,,9B,ELEC--4 Pol MCCB switch--200 AMP--,
ELEC,Counter meter,9,Nos,,,,,8B,ELEC--Counter meter----,
ELEC,foot switch,3,Nos,,,,,9C,ELEC--foot switch----,
ELEC,COOLING FAN,7,Nos,,,,,8B,ELEC--COOLING FAN----,
ELEC,Starter 30 amp,2,Nos,,,,,8B,ELEC--Starter 30 amp----,
ELEC,satrter 63 amp,1,Nos,,,,,9B,ELEC--satrter 63 amp----,
ELEC,"Bulb., 15 watt clr",12,Nos,,,,,10 D,"ELEC--Bulb., 15 watt clr----",
ELEC,"Bulb., 7 watt",8,Nos,,,,,10 D,"ELEC--Bulb., 7 watt----",
ELEC,Crane remote,4,Nos,,,,,10 D,ELEC--Crane remote----,
ELEC,HAND BLOWER,1,NOS,,,,,8 D,ELEC--HAND BLOWER----,
ELEC,EXT-HTR,30,Nos,130,,,,6 D,ELEC--EXT-HTR--130--,
ELEC,EXT-HTR,32,Nos,150,,,,6 B,ELEC--EXT-HTR--150--,
ELEC,EXT-HTR,1,Nos,140,,,,6 B,ELEC--EXT-HTR--140--,
ELEC,EXT-HTR,14,Nos,160,,,,6 C,ELEC--EXT-HTR--160--,
ELEC,EXT-HTR,17,Nos,110,,,,6 A,ELEC--EXT-HTR--110--,
ELEC,EXT-HTR,5,Nos,120,,,,6 A,ELEC--EXT-HTR--120--,
ELEC,EXT-HTR,15,Nos,80,,,,6 A,ELEC--EXT-HTR--80--,
ELEC,EXT-HTR,11,Nos,100,,,,6 A,ELEC--EXT-HTR--100--,
ELEC,EXT-HTR,6,Nos,90,,,,6 A,ELEC--EXT-HTR--90--,
ELEC,EXT-HTR,8,Nos,200,,,,6 C,ELEC--EXT-HTR--200--,
ELEC,EXT-HTR,8,Nos,60,,,,6 C,ELEC--EXT-HTR--60--,
ELEC,AC VFD-2000,1,Nos,,,,,9A,ELEC--AC VFD-2000----,
ELEC,AC VFD-CIMR-ZTYA0007BAA,1,Nos,,,,,9A,ELEC--AC VFD-CIMR-ZTYA0007BAA----,
ELEC,AC VFD -037M43A,1,Nos,,,,,9A,ELEC--AC VFD -037M43A----,
ELEC,AC VFD,1,Nos,0.75 KW,,,,9A,ELEC--AC VFD--0.75 KW--,
ELEC,AC VFD,1,Nos,3.7 KW,,,,9A,ELEC--AC VFD--3.7 KW--,
ELEC,CONNECTION BOX,1,Nos,32 AMP,,,,9A,ELEC--CONNECTION BOX--32 AMP--,
ELEC,MCB,1,Nos,400 AMP,,,,9A,ELEC--MCB--400 AMP--,
ELEC,STARTER,1,Nos,,,,,9A,ELEC--STARTER----,
ELEC,CAPECITOR,1,Nos,440 VOLT,,,,9B,ELEC--CAPECITOR--440 VOLT--,
ELEC,CONNECTOR,56,Nos,16 AMP,,,,9B,ELEC--CONNECTOR--16 AMP--,
ELEC,CHNAGE OVER,2,Nos,63 AMP,,,,9B,ELEC--CHNAGE OVER--63 AMP--,
ELEC,4 POLE MCB,1,Nos,,,,,9B,ELEC--4 POLE MCB----,
ELEC,VOLT METER,5,Nos,500 VOLT,,,,9B,ELEC--VOLT METER--500 VOLT--,
ELEC,FUSE BASE,3,Nos,63 AMP,,,,9B,ELEC--FUSE BASE--63 AMP--,
ELEC,FUES,3,Nos,63 AMP,,,,9B,ELEC--FUES--63 AMP--,
ELEC,DISTRIBUTION BOARD,3,Nos,240 VOLTS,,,,9B,ELEC--DISTRIBUTION BOARD--240 VOLTS--,
ELEC,GLASS TAPE,1,Nos,,,,,9B,ELEC--GLASS TAPE----,
ELEC,VOLTAGE  REGULATER ,1,Nos,,,,,9B,ELEC--VOLTAGE  REGULATER ----,
ELEC,CONTECTOR,1,Nos,32 AMP,,,,9B,ELEC--CONTECTOR--32 AMP--,
ELEC,CONTECTOR,1,Nos,55 AMP,,,,9B,ELEC--CONTECTOR--55 AMP--,
ELEC,CONTECTOR,1,Nos,60 AMP,,,,9B,ELEC--CONTECTOR--60 AMP--,
ELEC,REALY,1,Nos,10 AMP,,,,9B,ELEC--REALY--10 AMP--,
ELEC,CONTECTOR,1,Nos,80 AMP,,,,9B,ELEC--CONTECTOR--80 AMP--,
ELEC,CONTECTOR,1,Nos,40 AMP,,,,9B,ELEC--CONTECTOR--40 AMP--,
ELEC,RELAY,1,Nos,30 AMP,,,,9B,ELEC--RELAY--30 AMP--,
ELEC,CONTECTOR,1,Nos,10 AMP,,,,9B,ELEC--CONTECTOR--10 AMP--,
ELEC,CONTECTOR,1,Nos,40 AMP,,,,9C,ELEC--CONTECTOR--40 AMP--,
ELEC,REALY,2,Nos,35 AMP,,,,9C,ELEC--REALY--35 AMP--,
ELEC,SOLDIER,1,Nos,150 WATT,,,,9C,ELEC--SOLDIER--150 WATT--,
ELEC,CABLE CLIP,1,Nos,16 MM,,,,9C,ELEC--CABLE CLIP--16 MM--,
ELEC,CABLE CLIP,1,Nos,25 MM,,,,9C,ELEC--CABLE CLIP--25 MM--,
ELEC,5 PIN FEAMLE PLUG,3,Nos,,,,,9C,ELEC--5 PIN FEAMLE PLUG----,
ELEC,SARTER HANDLE,2,Nos,,,,,9C,ELEC--SARTER HANDLE----,
ELEC,Cable ID No.,2,Nos,,,,,9C,ELEC--Cable ID No.----,
ELEC,CABLE TIE,100,Nos,200 mm,,,,8C,ELEC--CABLE TIE--200 mm--,
ELEC,CABLE TIE,200,Nos,100 mm,,,,8C,ELEC--CABLE TIE--100 mm--,
ELEC,CABLE TIE,800,Nos,300 mm,,,,8C,ELEC--CABLE TIE--300 mm--,
ELEC,SOSLENOID COIL,6,Nos,,,,,9C,ELEC--SOSLENOID COIL----,
ELEC,SENSOR,11,Nos,,,,,8C,ELEC--SENSOR----,
ELEC,THIMBLE,100,PKT,2.5 SQMM,,,,9C,ELEC--THIMBLE--2.5 SQMM--,
ELEC,THIMBLE,50, PCS,95  SQMM,,,,9C,ELEC--THIMBLE--95  SQMM--,
ELEC,THIMBLE,35, PCS,240 SQMM,,,,9C,ELEC--THIMBLE--240 SQMM--,
ELEC,THIMBLE,39, PCS,70  SQMM,,,,9C,ELEC--THIMBLE--70  SQMM--,
ELEC,THIMBLE,25, PCS,50 SQMM,,,,9C,ELEC--THIMBLE--50 SQMM--,
ELEC,THIMBLE,55, PCS,35 SQMM,,,,9C,ELEC--THIMBLE--35 SQMM--,
ELEC,THIMBLE,11, PCS,630 SQMM,,,,9C,ELEC--THIMBLE--630 SQMM--,
ELEC,THIMBLE,8, PCS,300 SQMM,,,,9C,ELEC--THIMBLE--300 SQMM--,
ELEC,"THIMBLE ""O""",8, PCS,120 SQMM,,,,9C,"ELEC--THIMBLE ""O""--120 SQMM--",
ELEC,"THIMBLE ""O""",3, PCS,95 SQMM,,,,9C,"ELEC--THIMBLE ""O""--95 SQMM--",
ELEC,THIMBLE,100, PCS,16 SQ MM,,,,9C,ELEC--THIMBLE--16 SQ MM--,
ELEC,THIMBLE,60, PCS,1.5 SQMM,,,,9C,ELEC--THIMBLE--1.5 SQMM--,
ELEC,8 CORE CABLE,100,MTR,1.5 SQ.MM,,,,9D,ELEC--8 CORE CABLE--1.5 SQ.MM--,
ELEC,4 CORE CABLE.,100,MTR,1 SQMM,,,,9D,ELEC--4 CORE CABLE.--1 SQMM--,
ELEC,3 CORE CABLE,15,MTR,1 SQMM,,,,9D,ELEC--3 CORE CABLE--1 SQMM--,
ELEC,satrter 63 amp,1,Nos,,,,,8B,ELEC--satrter 63 amp----,
ELEC,AMP METER,2,Nos,,,,,8B,ELEC--AMP METER----,
ELEC,DISTRIBUTION BOARD,1,Nos,,,,,8B,ELEC--DISTRIBUTION BOARD----,
ELEC,CONTCTOR,2,Nos,12.5 KVA,,,,8B,ELEC--CONTCTOR--12.5 KVA--,
ELEC,FUSE  ,2,Nos,250 AMP,,,,8B,ELEC--FUSE  --250 AMP--,
ELEC,FUSE,1,Nos,,,,,8B,ELEC--FUSE----,
ELEC,FUSE BASE,1,BOX,20 AMP,,,,8B,ELEC--FUSE BASE--20 AMP--,
ELEC,CONTECTOR,2,Nos,38 AMP,,,,8B,ELEC--CONTECTOR--38 AMP--,
ELEC,CONTECTOR,1,Nos,9 AMP,,,,8B,ELEC--CONTECTOR--9 AMP--,
ELEC,OL RELAY,2,Nos,,,,,8B,ELEC--OL RELAY----,
ELEC,FUSE,6,Nos,6 AMP,,,,8B,ELEC--FUSE--6 AMP--,
ELEC,FUSE,1,Nos,20 AMP,,,,9C,ELEC--FUSE--20 AMP--,
ELEC,FUSE,1,Nos,80 AMP,,,,9C,ELEC--FUSE--80 AMP--,
ELEC,FUSE,2,Nos,100 AMP,,,,9C,ELEC--FUSE--100 AMP--,
ELEC,FUSE,5,Nos,40 AMP,,,,8B,ELEC--FUSE--40 AMP--,
ELEC,TEMP CONTROLLER,3,Nos,,,,,8B,ELEC--TEMP CONTROLLER----,
ELEC,TOP PLUG,1,Nos,30 AMP,,,,8B,ELEC--TOP PLUG--30 AMP--,
ELEC,STARTER ,1,Nos,25 AMP,,,,8B,ELEC--STARTER --25 AMP--,
ELEC,PROXIMITY SENSOR,3,Nos,,,,,8B,ELEC--PROXIMITY SENSOR----,
ELEC,PUSH BUTTON,1,Nos,,,,,8B,ELEC--PUSH BUTTON----,
ELEC,SINGLE PHASE PREVENTOR ,1,Nos,,,,,8B,ELEC--SINGLE PHASE PREVENTOR ----,
ELEC,TUBE LIGHT,41,Nos,36 watt,,,,10 Top,ELEC--TUBE LIGHT--36 watt--,
ELEC,tube light stand,22,Nos,,,,,10 Top,ELEC--tube light stand----,
ELEC,Cableseprater,4,pkt,,,,,8 B,ELEC--Cableseprater----,
ELEC,Adum Block,1,Nos,,,,,9 B,ELEC--Adum Block----,
ELEC,mega ohm meter,2,Nos,,,,,10 B,ELEC--mega ohm meter----,
ELEC,Pannel,3,Nos,,,,,10 A,ELEC--Pannel----,
ELEC,Voltage Correcter,1,Nos,,,,,10 B,ELEC--Voltage Correcter----,
ELEC,MULTIMETER,3,Nos,,,,,10 B,ELEC--MULTIMETER----,
ELEC,UPS,2,Nos,,,,,10 B,ELEC--UPS----,
ELEC,HTR Bolt,9,Nos,,,,,10 B,ELEC--HTR Bolt----,
ELEC,Cable ID No.,10,Pkt,1.5 sq.mm,,,,10 B,ELEC--Cable ID No.--1.5 sq.mm--,
ELEC,Power factor controler,1,Nos,,,,,10 B,ELEC--Power factor controler----,
ELEC,Motor Contorller,1,Nos,,,,,10 B,ELEC--Motor Contorller----,
CRANE ,Rope wheel,29,Nos,,,,,10 C,CRANE --Rope wheel----,
CRANE ,Rope hang wheel,100,Nos,,,,,10 C,CRANE --Rope hang wheel----,
ELEC,Hand dril machine,2,Nos,,,,,10 C,ELEC--Hand dril machine----,
ELEC,Fuse unit,2,Nos,,,,,10 C,ELEC--Fuse unit----,
ELEC,Pennel,3,Nos,,,,,10 C,ELEC--Pennel----,
ELEC,Bulb holder,16,Nos,,,,,10 D,ELEC--Bulb holder----,
ELEC,Pennel,1,Nos,,,,,10 E,ELEC--Pennel----,
ELEC,Starter,2,Nos,,,,,10 E,ELEC--Starter----,
ELEC,Pennel,2,Nos,,,,,10 F,ELEC--Pennel----,
ELEC,Glass HR Pipe,1,pkt,,,,,8 A,ELEC--Glass HR Pipe----,
ELEC,Door Bell,2,Nos,,,,,8 C,ELEC--Door Bell----,
ELEC,Relay,4,Nos,,,,,8 C,ELEC--Relay----,
ELEC,AMP METER,6,Nos,,,,,8 C,ELEC--AMP METER----,
ELEC,Thermocupple,1,Nos,,,,,8 C,ELEC--Thermocupple----,
ELEC,Emergency Switch,9,Nos,,,,,8 C,ELEC--Emergency Switch----,
ELEC,Pennel Lock,4,Nos,,,,,8 C,ELEC--Pennel Lock----,
ELEC,On-off switch,5,Nos,,,,,8 C,ELEC--On-off switch----,
ELEC,Port,12,Nos,,,,,8 C,ELEC--Port----,
ELEC,Starter handle,3,Nos,,,,,8 C,ELEC--Starter handle----,
ELEC,Relay,4,Nos,5 Amp,,,,8 C,ELEC--Relay--5 Amp--,
ELEC,Relay,3,Nos,240 Amp,,,,8 C,ELEC--Relay--240 Amp--,
ELEC,CONTECTOR BOX,1,Nos,,,,,8 C,ELEC--CONTECTOR BOX----,
ELEC,HTR Blower,11,Nos,,,,,8 D,ELEC--HTR Blower----,
ELEC,EXT Berrel housing,3,Nos,,,,,7 A,ELEC--EXT Berrel housing----,
ELEC,Flood Light,3,Nos,70 watt,,,,7 B,ELEC--Flood Light--70 watt--,
ELEC,Flood Light,7,Nos,60 watt,,,,7 B,ELEC--Flood Light--60 watt--,
ELEC,Flood Light,1,Nos,50 watt,,,,7 C,ELEC--Flood Light--50 watt--,
ELEC,Hellogen Light,1,Nos,60 watt,,,,7 C,ELEC--Hellogen Light--60 watt--,
ELEC,Celling light,6,Nos,15 watt,,,,7C,ELEC--Celling light--15 watt--,
ELEC,Flood Light,1,Nos,60 watt,,,,7 C,ELEC--Flood Light--60 watt--,
ELEC,Flood Light,2,Nos,70 watt,,,,7 C,ELEC--Flood Light--70 watt--,
ELEC,celling Light Holder,10,Nos,,,,,7 E,ELEC--celling Light Holder----,
Ext. Die,1 Pt.,1,Nos,3.32,"3""",,,at machine,"Ext. Die--1 Pt.--3.32--3""",
Ext. Die,1 Pt.,1,Nos,2.14,"3""",,,at machine,"Ext. Die--1 Pt.--2.14--3""",
Ext. Die,1 Pt.,1,Nos,2.6,"3""",,,at machine,"Ext. Die--1 Pt.--2.6--3""",
Ext. Die,1 Pt.,1,Nos,7.63,"3""",,,at machine,"Ext. Die--1 Pt.--7.63--3""",
Ext. Die,1 Pt.,1,Nos,9.55,"3""",,,at machine,"Ext. Die--1 Pt.--9.55--3""",
Ext. Die,1 Pt.,1,Nos,15.55,"3""",,,at machine,"Ext. Die--1 Pt.--15.55--3""",
Ext. Die,1 Pt.,1,Nos,4,"3""",,,at machine,"Ext. Die--1 Pt.--4--3""",
Ext. Die,1 Pt.,1,Nos,14.5,"3""",,,at machine,"Ext. Die--1 Pt.--14.5--3""",
Ext. Die,1 Pt.,1,Nos,11.8,"3""",,,at machine,"Ext. Die--1 Pt.--11.8--3""",
Ext. Die,1 Pt.,1,Nos,25.3,"3""",,,at machine,"Ext. Die--1 Pt.--25.3--3""",
Ext. Die,1 Pt.,1,Nos,7.45,"3""",,,at machine,"Ext. Die--1 Pt.--7.45--3""",
Ext. Die,1 Pt.,1,Nos,3.8,"3""",,,at machine,"Ext. Die--1 Pt.--3.8--3""",
Ext. Die,1 Pt.,1,Nos,8.7,"3""",,,at machine,"Ext. Die--1 Pt.--8.7--3""",
Ext. Die,1 Pt.,1,Nos,7.3,"3""",,,at machine,"Ext. Die--1 Pt.--7.3--3""",
Ext. Die,1 Pt.,1,Nos,6.8,"3""",,,at machine,"Ext. Die--1 Pt.--6.8--3""",
Ext. Die,1 Pt.,1,Nos,6.2,"3""",,,at machine,"Ext. Die--1 Pt.--6.2--3""",
Ext. Die,1 Pt.,1,Nos,22.1,"3""",,,at machine,"Ext. Die--1 Pt.--22.1--3""",
Ext. Die,1 Pt.,1,Nos,10.7,"3""",,,at machine,"Ext. Die--1 Pt.--10.7--3""",
Ext. Die,1 Pt.,1,Nos,18.45,"3""",,,at machine,"Ext. Die--1 Pt.--18.45--3""",
Ext. Die,1 Pt.,1,Nos,8070,"3""",,,at machine,"Ext. Die--1 Pt.--8070--3""",
Ext. Die,1 Pt.,1,Nos,4.85,"3""",,,at machine,"Ext. Die--1 Pt.--4.85--3""",
Ext. Die,1 Pt.,1,Nos,20.52,"3""",,,at machine,"Ext. Die--1 Pt.--20.52--3""",
Ext. Die,1 Pt.,1,Nos,23.7,"3""",,,at machine,"Ext. Die--1 Pt.--23.7--3""",
Ext. Die,FLAT,1,Nos,8.80X5.42,"3""",,,at machine,"Ext. Die--FLAT--8.80X5.42--3""",
Ext. Die,FLAT,1,Nos,9.20X5.70,"3""",,,at machine,"Ext. Die--FLAT--9.20X5.70--3""",
Ext. Die,FLAT,1,Nos,7.85X4.40,"3""",,,at machine,"Ext. Die--FLAT--7.85X4.40--3""",
Ext. Die,FLAT,1,Nos,7.00X4.22,"3""",,,at machine,"Ext. Die--FLAT--7.00X4.22--3""",
Ext. Die,FLAT,1,Nos,2.7,"3""",,,at machine,"Ext. Die--FLAT--2.7--3""",
Ext. Die,2 Pt.,1,Nos,2.1,"3""",,,at machine,"Ext. Die--2 Pt.--2.1--3""",
Ext. Die,2 Pt.,1,Nos,2.7,"3""",,,at machine,"Ext. Die--2 Pt.--2.7--3""",
Ext. Die,2 Pt.,1,Nos,3.4,"3""",,,at machine,"Ext. Die--2 Pt.--3.4--3""",
Ext. Die,2 Pt.,1,Nos,2.35,"3""",,,at machine,"Ext. Die--2 Pt.--2.35--3""",
Ext. Die,2 Pt.,1,Nos,4.1,"3""",,,at machine,"Ext. Die--2 Pt.--4.1--3""",
Ext. Die,2 Pt.,1,Nos,6.3,"3""",,,at machine,"Ext. Die--2 Pt.--6.3--3""",
Ext. Die,2 Pt.,1,Nos,2.4,"3""",,,at machine,"Ext. Die--2 Pt.--2.4--3""",
Ext. Die,2 Pt.,1,Nos,3.55,"3""",,,at machine,"Ext. Die--2 Pt.--3.55--3""",
Ext. Die,2 Pt.,1,Nos,7.7,"3""",,,at machine,"Ext. Die--2 Pt.--7.7--3""",
Ext. Die,2 Pt.,1,Nos,3.8,"3""",,,at machine,"Ext. Die--2 Pt.--3.8--3""",
Ext. Die,2 Pt.,1,Nos,2.25,"3""",,,at machine,"Ext. Die--2 Pt.--2.25--3""",
Ext. Die,2 Pt.,1,Nos,2.8,"3""",,,at machine,"Ext. Die--2 Pt.--2.8--3""",
Ext. Die,2 Pt.,1,Nos,2.7,"3""",,,at machine,"Ext. Die--2 Pt.--2.7--3""",
Ext. Die,2 Pt.,1,Nos,4.8,"3""",,,at machine,"Ext. Die--2 Pt.--4.8--3""",
Ext. Die,2 Pt.,1,Nos,3.8,"3""",,,at machine,"Ext. Die--2 Pt.--3.8--3""",
Ext. Die,2 Pt.,1,Nos,4.7,"3""",,,at machine,"Ext. Die--2 Pt.--4.7--3""",
Ext. Die,2 Pt.,1,Nos,4.4,"3""",,,at machine,"Ext. Die--2 Pt.--4.4--3""",
Ext. Die,1 Pt.,1,Nos,21,"4""",,,at machine,"Ext. Die--1 Pt.--21--4""",
Ext. Die,1 Pt.,1,Nos,20.7,"4""",,,at machine,"Ext. Die--1 Pt.--20.7--4""",
Ext. Die,1 Pt.,1,Nos,20.6,"4""",,,at machine,"Ext. Die--1 Pt.--20.6--4""",
Ext. Die,1 Pt.,1,Nos,24,"4""",,,at machine,"Ext. Die--1 Pt.--24--4""",
Ext. Die,1 Pt.,1,Nos,12.9,"4""",,,at machine,"Ext. Die--1 Pt.--12.9--4""",
Ext. Die,1 Pt.,1,Nos,11.5,"4""",,,at machine,"Ext. Die--1 Pt.--11.5--4""",
Ext. Die,1 Pt.,1,Nos,12.6,"4""",,,at machine,"Ext. Die--1 Pt.--12.6--4""",
Ext. Die,1 Pt.,1,Nos,13,"4""",,,at machine,"Ext. Die--1 Pt.--13--4""",
Ext. Die,1 Pt.,1,Nos,10.3,"4""",,,at machine,"Ext. Die--1 Pt.--10.3--4""",
Ext. Die,1 Pt.,1,Nos,20.4,"4""",,,at machine,"Ext. Die--1 Pt.--20.4--4""",
Ext. Die,1 Pt.,1,Nos,16.63,"4""",,,at machine,"Ext. Die--1 Pt.--16.63--4""",
Ext. Die,1 Pt.,1,Nos,24.3,"4""",,,at machine,"Ext. Die--1 Pt.--24.3--4""",
Ext. Die,1 Pt.,1,Nos,21,"4""",,,at machine,"Ext. Die--1 Pt.--21--4""",
Ext. Die,1 Pt.,1,Nos,17.8,"4""",,,at machine,"Ext. Die--1 Pt.--17.8--4""",
Ext. Die,1 Pt.,1,Nos,16.6,"4""",,,at machine,"Ext. Die--1 Pt.--16.6--4""",
Ext. Die,1 Pt.,1,Nos,11.8,"4""",,,at machine,"Ext. Die--1 Pt.--11.8--4""",
Ext. Die,1 Pt.,1,Nos,13.3,"4""",,,at machine,"Ext. Die--1 Pt.--13.3--4""",
Ext. Die,1 Pt.,1,Nos,12.7,"4""",,,at machine,"Ext. Die--1 Pt.--12.7--4""",
Ext. Die,1 Pt.,1,Nos,14.7,"4""",,,at machine,"Ext. Die--1 Pt.--14.7--4""",
Ext. Die,1 Pt.,1,Nos,20.5,"4""",,,at machine,"Ext. Die--1 Pt.--20.5--4""",
Ext. Die,1 Pt.,1,Nos,15.15,"4""",,,at machine,"Ext. Die--1 Pt.--15.15--4""",
Ext. Die,1 Pt.,1,Nos,18.9,"4""",,,at machine,"Ext. Die--1 Pt.--18.9--4""",
Ext. Die,1 Pt.,1,Nos,17.65,"4""",,,at machine,"Ext. Die--1 Pt.--17.65--4""",
Ext. Die,1 Pt.,1,Nos,32.7,"4""",,,at machine,"Ext. Die--1 Pt.--32.7--4""",
Ext. Die,1 Pt.,1,Nos,12.35,"4""",,,at machine,"Ext. Die--1 Pt.--12.35--4""",
Ext. Die,1 Pt.,1,Nos,59.7,"4""",,,at machine,"Ext. Die--1 Pt.--59.7--4""",
Ext. Die,1 Pt.,1,Nos,20.1,"4""",,,at machine,"Ext. Die--1 Pt.--20.1--4""",
Ext. Die,1 Pt.,1,Nos,20.65,"4""",,,at machine,"Ext. Die--1 Pt.--20.65--4""",
Ext. Die,1 Pt.,1,Nos,11.6,"4""",,,at machine,"Ext. Die--1 Pt.--11.6--4""",
Ext. Die,1 Pt.,1,Nos,28.3,"4""",,,at machine,"Ext. Die--1 Pt.--28.3--4""",
Ext. Die,1 Pt.,1,Nos,31.32,"4""",,,at machine,"Ext. Die--1 Pt.--31.32--4""",
Ext. Die,1 Pt.,1,Nos,21.3,"4""",,,at machine,"Ext. Die--1 Pt.--21.3--4""",
Ext. Die,1 Pt.,1,Nos,51.6,"4""",,,at machine,"Ext. Die--1 Pt.--51.6--4""",
Ext. Die,1 Pt.,1,Nos,33.3,"4""",,,at machine,"Ext. Die--1 Pt.--33.3--4""",
Ext. Die,1 Pt.,1,Nos,20,"4""",,,at machine,"Ext. Die--1 Pt.--20--4""",
Ext. Die,1 Pt.,1,Nos,22.65,"4""",,,at machine,"Ext. Die--1 Pt.--22.65--4""",
Ext. Die,1 Pt.,1,Nos,45.9,"4""",,,at machine,"Ext. Die--1 Pt.--45.9--4""",
Ext. Die,1 Pt.,1,Nos,12.5,"4""",,,at machine,"Ext. Die--1 Pt.--12.5--4""",
Ext. Die,1 Pt.,1,Nos,17.8,"4""",,,at machine,"Ext. Die--1 Pt.--17.8--4""",
Ext. Die,1 Pt.,1,Nos,19.2,"4""",,,at machine,"Ext. Die--1 Pt.--19.2--4""",
Ext. Die,1 Pt.,1,Nos,21,"4""",,,at machine,"Ext. Die--1 Pt.--21--4""",
Ext. Die,1 Pt.,1,Nos,31.6,"4""",,,at machine,"Ext. Die--1 Pt.--31.6--4""",
Ext. Die,1 Pt.,1,Nos,41.9,"4""",,,at machine,"Ext. Die--1 Pt.--41.9--4""",
Ext. Die,1 Pt.,1,Nos,26,"4""",,,at machine,"Ext. Die--1 Pt.--26--4""",
Ext. Die,1 Pt.,1,Nos,39.5,"4""",,,at machine,"Ext. Die--1 Pt.--39.5--4""",
Ext. Die,1 Pt.,1,Nos,33.8,"4""",,,at machine,"Ext. Die--1 Pt.--33.8--4""",
Ext. Die,1 Pt.,1,Nos,27,"4""",,,at machine,"Ext. Die--1 Pt.--27--4""",
Ext. Die,1 Pt.,1,Nos,11.3,"4""",,,at machine,"Ext. Die--1 Pt.--11.3--4""",
Ext. Die,1 Pt.,1,Nos,52.5,"4""",,,at machine,"Ext. Die--1 Pt.--52.5--4""",
Ext. Die,1 Pt.,1,Nos,39,"4""",,,at machine,"Ext. Die--1 Pt.--39--4""",
Ext. Die,1 Pt.,1,Nos,7.3,"4""",,,at machine,"Ext. Die--1 Pt.--7.3--4""",
Ext. Die,1 Pt.,1,Nos,8.9,"4""",,,at machine,"Ext. Die--1 Pt.--8.9--4""",
Ext. Die,1 Pt.,1,Nos,4.05,"4""",,,at machine,"Ext. Die--1 Pt.--4.05--4""",
Ext. Die,1 Pt.,1,Nos,37.5,"4""",,,at machine,"Ext. Die--1 Pt.--37.5--4""",
Ext. Die,1 Pt.,1,Nos,27.9,"4""",,,at machine,"Ext. Die--1 Pt.--27.9--4""",
Ext. Die,1 Pt.,1,Nos,22.9,"4""",,,at machine,"Ext. Die--1 Pt.--22.9--4""",
Ext. Die,1 Pt.,1,Nos,10.3,"4""",,,at machine,"Ext. Die--1 Pt.--10.3--4""",
Ext. Die,1 Pt.,1,Nos,20.8,"4""",,,at machine,"Ext. Die--1 Pt.--20.8--4""",
Ext. Die,1 Pt.,1,Nos,13.5,"4""",,,at machine,"Ext. Die--1 Pt.--13.5--4""",
Ext. Die,1 Pt.,1,Nos,14,"4""",,,at machine,"Ext. Die--1 Pt.--14--4""",
Ext. Die,1 Pt.,1,Nos,45.5,"4""",,,at machine,"Ext. Die--1 Pt.--45.5--4""",
Ext. Die,1 Pt.,1,Nos,30.2,"4""",,,at machine,"Ext. Die--1 Pt.--30.2--4""",
Ext. Die,1 Pt.,1,Nos,31.4,"4""",,,at machine,"Ext. Die--1 Pt.--31.4--4""",
Ext. Die,1 Pt.,1,Nos,36,"4""",,,at machine,"Ext. Die--1 Pt.--36--4""",
Ext. Die,1 Pt.,1,Nos,26.5,"4""",,,at machine,"Ext. Die--1 Pt.--26.5--4""",
Ext. Die,1 Pt.,1,Nos,12.1,"4""",,,at machine,"Ext. Die--1 Pt.--12.1--4""",
Ext. Die,1 Pt.,1,Nos,15.35,"4""",,,at machine,"Ext. Die--1 Pt.--15.35--4""",
Ext. Die,1 Pt.,1,Nos,31,"4""",,,at machine,"Ext. Die--1 Pt.--31--4""",
Ext. Die,FLAT,1,Nos,13X7.15,"4""",,,at machine,"Ext. Die--FLAT--13X7.15--4""",
Ext. Die,FLAT,1,Nos,10.15X6.40,"4""",,,at machine,"Ext. Die--FLAT--10.15X6.40--4""",
Ext. Die,FLAT,1,Nos,12.10X6.60,"4""",,,at machine,"Ext. Die--FLAT--12.10X6.60--4""",
Ext. Die,FLAT,1,Nos,9.80X5.30,"4""",,,at machine,"Ext. Die--FLAT--9.80X5.30--4""",
Ext. Die,FLAT,1,Nos,11.10X6.60,"4""",,,at machine,"Ext. Die--FLAT--11.10X6.60--4""",
Ext. Die,FLAT,1,Nos,9.15X5.70,"4""",,,at machine,"Ext. Die--FLAT--9.15X5.70--4""",
Ext. Die,FLAT,1,Nos,42.90X16.80,"4""",,,at machine,"Ext. Die--FLAT--42.90X16.80--4""",
Ext. Die,B.HEAD,1,Nos,50,"5""",,,at machine,"Ext. Die--B.HEAD--50--5""",
Ext. Die,B.HEAD,1,Nos,46.5,"5""",,,at machine,"Ext. Die--B.HEAD--46.5--5""",
Ext. Die,B.HEAD,1,Nos,63.7,"5""",,,at machine,"Ext. Die--B.HEAD--63.7--5""",
Ext. Die,B.HEAD,1,Nos,73.7,"5""",,,at machine,"Ext. Die--B.HEAD--73.7--5""",
Ext. Die,B.HEAD,1,Nos,81.8,"5""",,,at machine,"Ext. Die--B.HEAD--81.8--5""",
Ext. Die,B.HEAD,1,Nos,43.5,"5""",,,at machine,"Ext. Die--B.HEAD--43.5--5""",
Ext. Die,B.HEAD,1,Nos,51.8,"5""",,,at machine,"Ext. Die--B.HEAD--51.8--5""",
Ext. Die,B.HEAD,1,Nos,58.8,"5""",,,at machine,"Ext. Die--B.HEAD--58.8--5""",
Ext. Die,B.HEAD,1,Nos,92.3,"5""",,,at machine,"Ext. Die--B.HEAD--92.3--5""",
Ext. Die,B.HEAD,1,Nos,84.7,"5""",,,at machine,"Ext. Die--B.HEAD--84.7--5""",
Ext. Die,B.HEAD,1,Nos,76,"5""",,,at machine,"Ext. Die--B.HEAD--76--5""",
Ext. Die,B.HEAD,1,Nos,60,"5""",,,at machine,"Ext. Die--B.HEAD--60--5""",
Ext. Die,B.HEAD,1,Nos,46.9,"5""",,,at machine,"Ext. Die--B.HEAD--46.9--5""",
Ext. Die,B.HEAD,1,Nos,68.6,"5""",,,at machine,"Ext. Die--B.HEAD--68.6--5""",
Ext. Die,S.HEAD,1,Nos,35.7,"5""",,,at machine,"Ext. Die--S.HEAD--35.7--5""",
Ext. Die,S.HEAD,1,Nos,64.2,"5""",,,at machine,"Ext. Die--S.HEAD--64.2--5""",
Ext. Die,S.HEAD,1,Nos,62.55,"5""",,,at machine,"Ext. Die--S.HEAD--62.55--5""",
Ext. Die,S.HEAD,1,Nos,45,"5""",,,at machine,"Ext. Die--S.HEAD--45--5""",
Ext. Die,S.HEAD,1,Nos,43.33,"5""",,,at machine,"Ext. Die--S.HEAD--43.33--5""",
Ext. Die,S.HEAD,1,Nos,57.6,"5""",,,at machine,"Ext. Die--S.HEAD--57.6--5""",
Ext. Die,S.HEAD,1,Nos,36.2,"5""",,,at machine,"Ext. Die--S.HEAD--36.2--5""",
Ext. Die,S.HEAD,1,Nos,60,"5""",,,at machine,"Ext. Die--S.HEAD--60--5""",
Ext. Die,S.HEAD,1,Nos,63.4,"5""",,,at machine,"Ext. Die--S.HEAD--63.4--5""",
Ext. Die,S.HEAD,1,Nos,46.3,"5""",,,at machine,"Ext. Die--S.HEAD--46.3--5""",
Ext. Die,S.HEAD,1,Nos,32.3,"5""",,,at machine,"Ext. Die--S.HEAD--32.3--5""",
Ext. Die,S.HEAD,1,Nos,41,"5""",,,at machine,"Ext. Die--S.HEAD--41--5""",
Ext. Die,S.HEAD,1,Nos,50,"5""",,,at machine,"Ext. Die--S.HEAD--50--5""",
Ext. Die,S.HEAD,1,Nos,37,"5""",,,at machine,"Ext. Die--S.HEAD--37--5""",
Ext. Die,S.HEAD,1,Nos,39,"5""",,,at machine,"Ext. Die--S.HEAD--39--5""",
Ext. Die,S.HEAD,1,Nos,43,"5""",,,at machine,"Ext. Die--S.HEAD--43--5""",
Ext. Die,S.HEAD,1,Nos,44,"5""",,,at machine,"Ext. Die--S.HEAD--44--5""",
Ext. Die,S.HEAD,1,Nos,31.2,"5""",,,at machine,"Ext. Die--S.HEAD--31.2--5""",
Ext. Die,S.HEAD,1,Nos,31,"5""",,,at machine,"Ext. Die--S.HEAD--31--5""",
Ext. Die,S.HEAD,1,Nos,35.7,"5""",,,at machine,"Ext. Die--S.HEAD--35.7--5""",
Ext. Die,S.HEAD,1,Nos,38,"5""",,,at machine,"Ext. Die--S.HEAD--38--5""",
Ext. Die,S.HEAD,1,Nos,34.5,"5""",,,at machine,"Ext. Die--S.HEAD--34.5--5""",
Ext. Die,S.HEAD,1,Nos,48.5,"5""",,,at machine,"Ext. Die--S.HEAD--48.5--5""",
Ext. Die,S.HEAD,1,Nos,47.5,"5""",,,at machine,"Ext. Die--S.HEAD--47.5--5""",
Ext. Die,S.HEAD,1,Nos,28,"5""",,,at machine,"Ext. Die--S.HEAD--28--5""",
Ext. Die,S.HEAD,1,Nos,20.5,"5""",,,at machine,"Ext. Die--S.HEAD--20.5--5""",
Ext. Die,S.HEAD,1,Nos,28,"5""",,,at machine,"Ext. Die--S.HEAD--28--5""",
Ext. Die,S.HEAD,1,Nos,20.6,"5""",,,at machine,"Ext. Die--S.HEAD--20.6--5""",
Ext. Die,S.HEAD,1,Nos,26.2,"5""",,,at machine,"Ext. Die--S.HEAD--26.2--5""",
Ext. Die,S.HEAD,1,Nos,12.9,"5""",,,at machine,"Ext. Die--S.HEAD--12.9--5""",
Ext. Die,S.HEAD,1,Nos,11.8,"5""",,,at machine,"Ext. Die--S.HEAD--11.8--5""",
Ext. Die,S.HEAD,1,Nos,29.6,"5""",,,at machine,"Ext. Die--S.HEAD--29.6--5""",
Ext. Die,S.HEAD,1,Nos,31.6,"5""",,,at machine,"Ext. Die--S.HEAD--31.6--5""",
Ext. Die,S.HEAD,1,Nos,27,"5""",,,at machine,"Ext. Die--S.HEAD--27--5""",
Ext. Die,S.HEAD,1,Nos,22,"5""",,,at machine,"Ext. Die--S.HEAD--22--5""",
Ext. Die,S.HEAD,1,Nos,13,"5""",,,at machine,"Ext. Die--S.HEAD--13--5""",
Ext. Die,S.HEAD,1,Nos,21.6,"5""",,,at machine,"Ext. Die--S.HEAD--21.6--5""",
Ext. Die,S.HEAD,1,Nos,31.7,"5""",,,at machine,"Ext. Die--S.HEAD--31.7--5""",
Ext. Die,S.HEAD,1,Nos,12.3,"5""",,,at machine,"Ext. Die--S.HEAD--12.3--5""",
Ext. Die,S.HEAD,1,Nos,28.3,"5""",,,at machine,"Ext. Die--S.HEAD--28.3--5""",
Ext. Die,S.HEAD,1,Nos,28.5,"5""",,,at machine,"Ext. Die--S.HEAD--28.5--5""",
Ext. Die,S.HEAD,1,Nos,31.4,"5""",,,at machine,"Ext. Die--S.HEAD--31.4--5""",
Ext. Die,S.HEAD,1,Nos,21.5,"5""",,,at machine,"Ext. Die--S.HEAD--21.5--5""",
Ext. Die,S.HEAD,1,Nos,22.1,"5""",,,at machine,"Ext. Die--S.HEAD--22.1--5""",
Ext. Die,S.HEAD,1,Nos,25.4,"5""",,,at machine,"Ext. Die--S.HEAD--25.4--5""",
Ext. Die,S.HEAD,1,Nos,31.4,"5""",,,at machine,"Ext. Die--S.HEAD--31.4--5""",
Ext. Die,S.HEAD,1,Nos,23.2,"5""",,,at machine,"Ext. Die--S.HEAD--23.2--5""",
Ext. Die,S.HEAD,1,Nos,17.4,"5""",,,at machine,"Ext. Die--S.HEAD--17.4--5""",
Ext. Die,S.HEAD,1,Nos,24,"5""",,,at machine,"Ext. Die--S.HEAD--24--5""",
Ext. Noz,S.HEAD,1,Nos,27.13,"5 """,,,at machine,"Ext. Noz--S.HEAD--27.13--5 """,
Ext. Noz,S.HEAD,1,Nos,12.74,"5 """,,,at machine,"Ext. Noz--S.HEAD--12.74--5 """,
Ext. Noz,S.HEAD,1,Nos,16.35,"5 """,,,at machine,"Ext. Noz--S.HEAD--16.35--5 """,
Ext. Noz,S.HEAD,1,Nos,11.17,"5 """,,,at machine,"Ext. Noz--S.HEAD--11.17--5 """,
Ext. Noz,S.HEAD,1,Nos,23.8,"5 """,,,at machine,"Ext. Noz--S.HEAD--23.8--5 """,
Ext. Noz,S.HEAD,1,Nos,38.51,"5 """,,,at machine,"Ext. Noz--S.HEAD--38.51--5 """,
Ext. Noz,S.HEAD,1,Nos,42,"5 """,,,at machine,"Ext. Noz--S.HEAD--42--5 """,
Ext. Noz,S.HEAD,1,Nos,48,"5 """,,,at machine,"Ext. Noz--S.HEAD--48--5 """,
Ext. Noz,S.HEAD,1,Nos,43.9,"5 """,,,at machine,"Ext. Noz--S.HEAD--43.9--5 """,
Ext. Noz,S.HEAD,1,Nos,45.7,"5 """,,,at machine,"Ext. Noz--S.HEAD--45.7--5 """,
Ext. Noz,S.HEAD,1,Nos,30,"5 """,,,at machine,"Ext. Noz--S.HEAD--30--5 """,
Ext. Noz,S.HEAD,1,Nos,25.6,"5 """,,,at machine,"Ext. Noz--S.HEAD--25.6--5 """,
Ext. Noz,S.HEAD,1,Nos,22,"5 """,,,at machine,"Ext. Noz--S.HEAD--22--5 """,
Ext. Noz,S.HEAD,1,Nos,9.5,"5 """,,,at machine,"Ext. Noz--S.HEAD--9.5--5 """,
Ext. Noz,S.HEAD,1,Nos,11.87,"5 """,,,at machine,"Ext. Noz--S.HEAD--11.87--5 """,
Ext. Noz,S.HEAD,1,Nos,16.4,"5 """,,,at machine,"Ext. Noz--S.HEAD--16.4--5 """,
Ext. Noz,S.HEAD,1,Nos,14.4,"5 """,,,at machine,"Ext. Noz--S.HEAD--14.4--5 """,
Ext. Noz,S.HEAD,1,Nos,16,"5 """,,,at machine,"Ext. Noz--S.HEAD--16--5 """,
Ext. Noz,S.HEAD,1,Nos,19.2,"5 """,,,at machine,"Ext. Noz--S.HEAD--19.2--5 """,
Ext. Noz,S.HEAD,1,Nos,14.16,"5 """,,,at machine,"Ext. Noz--S.HEAD--14.16--5 """,
Ext. Noz,S.HEAD,1,Nos,20,"5 """,,,at machine,"Ext. Noz--S.HEAD--20--5 """,
Ext. Noz,S.HEAD,1,Nos,21.6,"5 """,,,at machine,"Ext. Noz--S.HEAD--21.6--5 """,
Ext. Noz,S.HEAD,1,Nos,31.45,"5 """,,,at machine,"Ext. Noz--S.HEAD--31.45--5 """,
Ext. Noz,S.HEAD,1,Nos,36.25,"5 """,,,at machine,"Ext. Noz--S.HEAD--36.25--5 """,
Ext. Noz,S.HEAD,1,Nos,42.1,"5 """,,,at machine,"Ext. Noz--S.HEAD--42.1--5 """,
Ext. Noz,S.HEAD,1,Nos,11,"5 """,,,at machine,"Ext. Noz--S.HEAD--11--5 """,
Ext. Noz,S.HEAD,1,Nos,17.05,"5 """,,,at machine,"Ext. Noz--S.HEAD--17.05--5 """,
Ext. Noz,S.HEAD,1,Nos,16.56,"5 """,,,at machine,"Ext. Noz--S.HEAD--16.56--5 """,
Ext. Noz,S.HEAD,1,Nos,8.8,"5 """,,,at machine,"Ext. Noz--S.HEAD--8.8--5 """,
Ext. Noz,S.HEAD,1,Nos,18.2,"5 """,,,at machine,"Ext. Noz--S.HEAD--18.2--5 """,
Ext. Noz,S.HEAD,1,Nos,33.7,"5 """,,,at machine,"Ext. Noz--S.HEAD--33.7--5 """,
Ext. Noz,S.HEAD,1,Nos,34.6,"5 """,,,at machine,"Ext. Noz--S.HEAD--34.6--5 """,
Ext. Noz,S.HEAD,1,Nos,37.6,"5 """,,,at machine,"Ext. Noz--S.HEAD--37.6--5 """,
Ext. Noz,S.HEAD,1,Nos,44,"5 """,,,at machine,"Ext. Noz--S.HEAD--44--5 """,
Ext. Noz,S.HEAD,1,Nos,33.25,"5 """,,,at machine,"Ext. Noz--S.HEAD--33.25--5 """,
Ext. Noz,S.HEAD,1,Nos,28.2,"5 """,,,at machine,"Ext. Noz--S.HEAD--28.2--5 """,
Ext. Noz,S.HEAD,1,Nos,7.9,"5 """,,,at machine,"Ext. Noz--S.HEAD--7.9--5 """,
Ext. Noz,S.HEAD,1,Nos,12.8,"5 """,,,at machine,"Ext. Noz--S.HEAD--12.8--5 """,
Ext. Noz,S.HEAD,1,Nos,10.8,"5 """,,,at machine,"Ext. Noz--S.HEAD--10.8--5 """,
Ext. Noz,S.HEAD,1,Nos,14.9,"5 """,,,at machine,"Ext. Noz--S.HEAD--14.9--5 """,
Ext. Noz,S.HEAD,1,Nos,13,"5 """,,,at machine,"Ext. Noz--S.HEAD--13--5 """,
Ext. Noz,B.HEAD,1,Nos,53.8,"5 """,,,at machine,"Ext. Noz--B.HEAD--53.8--5 """,
Ext. Noz,B.HEAD,1,Nos,73.8,"5 """,,,at machine,"Ext. Noz--B.HEAD--73.8--5 """,
Ext. Noz,B.HEAD,1,Nos,51.3,"5 """,,,at machine,"Ext. Noz--B.HEAD--51.3--5 """,
Ext. Noz,B.HEAD,1,Nos,44.8,"5 """,,,at machine,"Ext. Noz--B.HEAD--44.8--5 """,
Ext. Noz,B.HEAD,1,Nos,44,"5 """,,,at machine,"Ext. Noz--B.HEAD--44--5 """,
Ext. Noz,B.HEAD,1,Nos,62.3,"5 """,,,at machine,"Ext. Noz--B.HEAD--62.3--5 """,
Ext. Noz,B.HEAD,1,Nos,66,"5 """,,,at machine,"Ext. Noz--B.HEAD--66--5 """,
Ext. Noz,B.HEAD,1,Nos,58,"5 """,,,at machine,"Ext. Noz--B.HEAD--58--5 """,
Ext. Noz,B.HEAD,1,Nos,52.8,"5 """,,,at machine,"Ext. Noz--B.HEAD--52.8--5 """,
Ext. Noz,B.HEAD,1,Nos,38.9,"5 """,,,at machine,"Ext. Noz--B.HEAD--38.9--5 """,
Ext. Noz,B.HEAD,1,Nos,79.6,"5 """,,,at machine,"Ext. Noz--B.HEAD--79.6--5 """,
Ext. Noz,B.HEAD,1,Nos,60.9,"5 """,,,at machine,"Ext. Noz--B.HEAD--60.9--5 """,
Ext. Noz,B.HEAD,1,Nos,28.8,"5 """,,,at machine,"Ext. Noz--B.HEAD--28.8--5 """,
Ext. Noz,B.HEAD,1,Nos,30.6,"5 """,,,at machine,"Ext. Noz--B.HEAD--30.6--5 """,
Ext. Noz,B.HEAD,1,Nos,48.2,"5 """,,,at machine,"Ext. Noz--B.HEAD--48.2--5 """,
Ext. Noz,ROUND,1,Nos,27.65,"4 """,,,at machine,"Ext. Noz--ROUND--27.65--4 """,
Ext. Noz,ROUND,1,Nos,27.9,"4 """,,,at machine,"Ext. Noz--ROUND--27.9--4 """,
Ext. Noz,ROUND,1,Nos,17.5,"4 """,,,at machine,"Ext. Noz--ROUND--17.5--4 """,
Ext. Noz,ROUND,1,Nos,16.4,"4 """,,,at machine,"Ext. Noz--ROUND--16.4--4 """,
Ext. Noz,ROUND,1,Nos,11.5,"4 """,,,at machine,"Ext. Noz--ROUND--11.5--4 """,
Ext. Noz,ROUND,1,Nos,10.45,"4 """,,,at machine,"Ext. Noz--ROUND--10.45--4 """,
Ext. Noz,ROUND,1,Nos,8.3,"4 """,,,at machine,"Ext. Noz--ROUND--8.3--4 """,
Ext. Noz,ROUND,1,Nos,35.45,"4 """,,,at machine,"Ext. Noz--ROUND--35.45--4 """,
Ext. Noz,ROUND,1,Nos,13.3,"4 """,,,at machine,"Ext. Noz--ROUND--13.3--4 """,
Ext. Noz,ROUND,1,Nos,17.9,"4 """,,,at machine,"Ext. Noz--ROUND--17.9--4 """,
Ext. Noz,ROUND,1,Nos,15.1,"4 """,,,at machine,"Ext. Noz--ROUND--15.1--4 """,
Ext. Noz,ROUND,1,Nos,31,"4 """,,,at machine,"Ext. Noz--ROUND--31--4 """,
Ext. Noz,ROUND,1,Nos,31.6,"4 """,,,at machine,"Ext. Noz--ROUND--31.6--4 """,
Ext. Noz,ROUND,1,Nos,14.65,"4 """,,,at machine,"Ext. Noz--ROUND--14.65--4 """,
Ext. Noz,ROUND,1,Nos,21.8,"4 """,,,at machine,"Ext. Noz--ROUND--21.8--4 """,
Ext. Noz,ROUND,1,Nos,11.7,"4 """,,,at machine,"Ext. Noz--ROUND--11.7--4 """,
Ext. Noz,ROUND,1,Nos,4.75,"4 """,,,at machine,"Ext. Noz--ROUND--4.75--4 """,
Ext. Noz,ROUND,1,Nos,16.9,"4 """,,,at machine,"Ext. Noz--ROUND--16.9--4 """,
Ext. Noz,ROUND,1,Nos,14,"4 """,,,at machine,"Ext. Noz--ROUND--14--4 """,
Ext. Noz,ROUND,1,Nos,33.4,"4 """,,,at machine,"Ext. Noz--ROUND--33.4--4 """,
Ext. Noz,ROUND,1,Nos,37,"4 """,,,at machine,"Ext. Noz--ROUND--37--4 """,
Ext. Noz,ROUND,1,Nos,10.2,"4 """,,,at machine,"Ext. Noz--ROUND--10.2--4 """,
Ext. Noz,ROUND,1,Nos,24.15,"4 """,,,at machine,"Ext. Noz--ROUND--24.15--4 """,
Ext. Noz,ROUND,1,Nos,11.3,"4 """,,,at machine,"Ext. Noz--ROUND--11.3--4 """,
Ext. Noz,ROUND,1,Nos,29.6,"4 """,,,at machine,"Ext. Noz--ROUND--29.6--4 """,
Ext. Noz,ROUND,1,Nos,19.15,"4 """,,,at machine,"Ext. Noz--ROUND--19.15--4 """,
Ext. Noz,ROUND,1,Nos,12.2,"4 """,,,at machine,"Ext. Noz--ROUND--12.2--4 """,
Ext. Noz,ROUND,1,Nos,42.2,"4 """,,,at machine,"Ext. Noz--ROUND--42.2--4 """,
Ext. Noz,ROUND,1,Nos,27.85,"4 """,,,at machine,"Ext. Noz--ROUND--27.85--4 """,
Ext. Noz,ROUND,1,Nos,8.6,"4 """,,,at machine,"Ext. Noz--ROUND--8.6--4 """,
Ext. Noz,ROUND,1,Nos,11.45,"4 """,,,at machine,"Ext. Noz--ROUND--11.45--4 """,
Ext. Noz,ROUND,1,Nos,19.8,"4 """,,,at machine,"Ext. Noz--ROUND--19.8--4 """,
Ext. Noz,ROUND,1,Nos,6.3,"4 """,,,at machine,"Ext. Noz--ROUND--6.3--4 """,
Ext. Noz,ROUND,1,Nos,21,"4 """,,,at machine,"Ext. Noz--ROUND--21--4 """,
Ext. Noz,ROUND,1,Nos,25.7,"4 """,,,at machine,"Ext. Noz--ROUND--25.7--4 """,
Ext. Noz,ROUND,1,Nos,12.2,"4 """,,,at machine,"Ext. Noz--ROUND--12.2--4 """,
Ext. Noz,ROUND,1,Nos,12.14,"4 """,,,at machine,"Ext. Noz--ROUND--12.14--4 """,
Ext. Noz,ROUND,1,Nos,9.1,"4 """,,,at machine,"Ext. Noz--ROUND--9.1--4 """,
Ext. Noz,ROUND,1,Nos,9.2,"4 """,,,at machine,"Ext. Noz--ROUND--9.2--4 """,
Ext. Noz,ROUND,1,Nos,16.56,"4 """,,,at machine,"Ext. Noz--ROUND--16.56--4 """,
Ext. Noz,ROUND,1,Nos,17.8,"4 """,,,at machine,"Ext. Noz--ROUND--17.8--4 """,
Ext. Noz,ROUND,1,Nos,25.5,"4 """,,,at machine,"Ext. Noz--ROUND--25.5--4 """,
Ext. Noz,ROUND,1,Nos,20.6,"4 """,,,at machine,"Ext. Noz--ROUND--20.6--4 """,
Ext. Noz,ROUND,1,Nos,5.7,"4 """,,,at machine,"Ext. Noz--ROUND--5.7--4 """,
Ext. Noz,ROUND,1,Nos,11.56,"4 """,,,at machine,"Ext. Noz--ROUND--11.56--4 """,
Ext. Noz,ROUND,1,Nos,17.2,"4 """,,,at machine,"Ext. Noz--ROUND--17.2--4 """,
Ext. Noz,ROUND,1,Nos,9.2,"4 """,,,at machine,"Ext. Noz--ROUND--9.2--4 """,
Ext. Noz,ROUND,1,Nos,13.4,"4 """,,,at machine,"Ext. Noz--ROUND--13.4--4 """,
Ext. Noz,FLAT,1,Nos,6.85X3.83,"4 """,,,at machine,"Ext. Noz--FLAT--6.85X3.83--4 """,
Ext. Noz,FLAT,1,Nos,38.75X12.93,"4 """,,,at machine,"Ext. Noz--FLAT--38.75X12.93--4 """,
Ext. Noz,FLAT,1,Nos,8.54X4.17,"4 """,,,at machine,"Ext. Noz--FLAT--8.54X4.17--4 """,
Ext. Noz,FLAT,1,Nos,10.60X4.60,"4 """,,,at machine,"Ext. Noz--FLAT--10.60X4.60--4 """,
Ext. Noz,FLAT,1,Nos,11.20X5.15,"4 """,,,at machine,"Ext. Noz--FLAT--11.20X5.15--4 """,
Ext. Noz,FLAT,1,Nos,14.15X7.80,"4 """,,,at machine,"Ext. Noz--FLAT--14.15X7.80--4 """,
Ext. Noz,FLAT,1,Nos,8.10X4.00,"4 """,,,at machine,"Ext. Noz--FLAT--8.10X4.00--4 """,
Ext. Noz,FLAT,1,Nos,12.50X6.60,"4 """,,,at machine,"Ext. Noz--FLAT--12.50X6.60--4 """,
Ext. Noz,FLAT,1,Nos,9.10X4.56,"4 """,,,at machine,"Ext. Noz--FLAT--9.10X4.56--4 """,
Ext. Noz,FLAT,1,Nos,9.60X4.80,"4 """,,,at machine,"Ext. Noz--FLAT--9.60X4.80--4 """,
Ext. Noz,ROUND,1,Nos,8.45,"3""",,,at machine,"Ext. Noz--ROUND--8.45--3""",
Ext. Noz,ROUND,1,Nos,3.5,"3""",,,at machine,"Ext. Noz--ROUND--3.5--3""",
Ext. Noz,ROUND,1,Nos,18.8,"3""",,,at machine,"Ext. Noz--ROUND--18.8--3""",
Ext. Noz,ROUND,1,Nos,8.9,"3""",,,at machine,"Ext. Noz--ROUND--8.9--3""",
Ext. Noz,ROUND,1,Nos,2,"3""",,,at machine,"Ext. Noz--ROUND--2--3""",
Ext. Noz,ROUND,1,Nos,7,"3""",,,at machine,"Ext. Noz--ROUND--7--3""",
Ext. Noz,ROUND,1,Nos,1.7,"3""",,,at machine,"Ext. Noz--ROUND--1.7--3""",
Ext. Noz,ROUND,1,Nos,8.5,"3""",,,at machine,"Ext. Noz--ROUND--8.5--3""",
Ext. Noz,ROUND,1,Nos,5.5,"3""",,,at machine,"Ext. Noz--ROUND--5.5--3""",
Ext. Noz,ROUND,1,Nos,7.45,"3""",,,at machine,"Ext. Noz--ROUND--7.45--3""",
Ext. Noz,ROUND,1,Nos,6.15,"3""",,,at machine,"Ext. Noz--ROUND--6.15--3""",
Ext. Noz,ROUND,1,Nos,1.65,"3""",,,at machine,"Ext. Noz--ROUND--1.65--3""",
Ext. Noz,ROUND,1,Nos,15.2,"3""",,,at machine,"Ext. Noz--ROUND--15.2--3""",
Ext. Noz,ROUND,1,Nos,3.2,"3""",,,at machine,"Ext. Noz--ROUND--3.2--3""",
Ext. Noz,ROUND,1,Nos,2,"3""",,,at machine,"Ext. Noz--ROUND--2--3""",
Ext. Noz,ROUND,1,Nos,4.5,"3""",,,at machine,"Ext. Noz--ROUND--4.5--3""",
Ext. Noz,ROUND,1,Nos,9.35,"3""",,,at machine,"Ext. Noz--ROUND--9.35--3""",
Ext. Noz,ROUND,1,Nos,2.18,"3""",,,at machine,"Ext. Noz--ROUND--2.18--3""",
Ext. Noz,ROUND,1,Nos,2.6,"3""",,,at machine,"Ext. Noz--ROUND--2.6--3""",
Ext. Noz,ROUND,1,Nos,4,"3""",,,at machine,"Ext. Noz--ROUND--4--3""",
Ext. Noz,ROUND,1,Nos,11.75,"3""",,,at machine,"Ext. Noz--ROUND--11.75--3""",
Ext. Noz,ROUND,1,Nos,1.3,"3""",,,at machine,"Ext. Noz--ROUND--1.3--3""",
Ext. Noz,ROUND,1,Nos,9,"3""",,,at machine,"Ext. Noz--ROUND--9--3""",
Ext. Noz,ROUND,1,Nos,9.35,"3""",,,at machine,"Ext. Noz--ROUND--9.35--3""",
Ext. Noz,ROUND,1,Nos,9.5,"3""",,,at machine,"Ext. Noz--ROUND--9.5--3""",
Ext. Noz,ROUND,1,Nos,8.2,"3""",,,at machine,"Ext. Noz--ROUND--8.2--3""",
Ext. Noz,ROUND,1,Nos,9.2,"3""",,,at machine,"Ext. Noz--ROUND--9.2--3""",
Ext. Noz,ROUND,1,Nos,4.35,"3""",,,at machine,"Ext. Noz--ROUND--4.35--3""",
Ext. Noz,ROUND,1,Nos,1.6,"3""",,,at machine,"Ext. Noz--ROUND--1.6--3""",
Ext. Noz,ROUND,1,Nos,6.2,"3""",,,at machine,"Ext. Noz--ROUND--6.2--3""",
Ext. Noz,ROUND,1,Nos,1.4,"3""",,,at machine,"Ext. Noz--ROUND--1.4--3""",
Ext. Noz,ROUND,1,Nos,1.8,"3""",,,at machine,"Ext. Noz--ROUND--1.8--3""",
Ext. Noz,ROUND,1,Nos,8,"3""",,,at machine,"Ext. Noz--ROUND--8--3""",
Ext. Noz,ROUND,1,Nos,10,"3""",,,at machine,"Ext. Noz--ROUND--10--3""",
Ext. Noz,ROUND,1,Nos,2.1,"3""",,,at machine,"Ext. Noz--ROUND--2.1--3""",
Ext. Noz,ROUND,1,Nos,1.5,"3""",,,at machine,"Ext. Noz--ROUND--1.5--3""",
Ext. Noz,ROUND,1,Nos,1.56,"3""",,,at machine,"Ext. Noz--ROUND--1.56--3""",
Ext. Noz,ROUND,1,Nos,5.3,"3""",,,at machine,"Ext. Noz--ROUND--5.3--3""",
Ext. Noz,ROUND,1,Nos,4.3,"3""",,,at machine,"Ext. Noz--ROUND--4.3--3""",
Ext. Noz,ROUND,1,Nos,2.4,"3""",,,at machine,"Ext. Noz--ROUND--2.4--3""",
Ext. Noz,ROUND,1,Nos,5.85,"3""",,,at machine,"Ext. Noz--ROUND--5.85--3""",
Ext. Noz,FLAT,1,Nos,7.20X4.00,"3""",,,at machine,"Ext. Noz--FLAT--7.20X4.00--3""",
Strnd Die,Shape,1,Nos,4x95,,,,at machine,Strnd Die--Shape--4x95--,
Strnd Die,Shape,1,Nos,4x240,,,,at machine,Strnd Die--Shape--4x240--,
Strnd Die,Shape,1,Nos,4x120,,,,at machine,Strnd Die--Shape--4x120--,
Strnd Die,Shape,1,Nos,4x240,,,,at machine,Strnd Die--Shape--4x240--,
Strnd Die,Shape,1,Nos,4x240,,,,at machine,Strnd Die--Shape--4x240--,
Strnd Die,Shape,1,Nos,Nx150,,,,at machine,Strnd Die--Shape--Nx150--,
Strnd Die,Shape,1,Nos,4x120,,,,at machine,Strnd Die--Shape--4x120--,
Strnd Die,Shape,1,Nos,3.5x240,,,,at machine,Strnd Die--Shape--3.5x240--,
Strnd Die,Shape,1,Nos,3.5x500,,,,at machine,Strnd Die--Shape--3.5x500--,
Strnd Die,Shape,1,Nos,3.5x25,,,,at machine,Strnd Die--Shape--3.5x25--,
Strnd Die,Shape,1,Nos,Nx500,,,,at machine,Strnd Die--Shape--Nx500--,
Strnd Die,Shape,1,Nos,4x25,,,,at machine,Strnd Die--Shape--4x25--,
Strnd Die,Shape,1,Nos,3x150,,,,at machine,Strnd Die--Shape--3x150--,
Strnd Die,Shape,1,Nos,4x16,,,,at machine,Strnd Die--Shape--4x16--,
Strnd Die,Shape,1,Nos,3.5x400,,,,at machine,Strnd Die--Shape--3.5x400--,
Strnd Die,Shape,1,Nos,2x16,,,,at machine,Strnd Die--Shape--2x16--,
Strnd Die,Shape,1,Nos,2x16,,,,at machine,Strnd Die--Shape--2x16--,
Strnd Die,Shape,1,Nos,Nx50,,,,at machine,Strnd Die--Shape--Nx50--,
Strnd Die,Shape,1,Nos,4x16,,,,at machine,Strnd Die--Shape--4x16--,
Strnd Die,Shape,1,Nos,3x25,,,,at machine,Strnd Die--Shape--3x25--,
Strnd Die,Shape,1,Nos,3.5x70,,,,at machine,Strnd Die--Shape--3.5x70--,
Strnd Die,Shape,1,Nos,3x35,,,,at machine,Strnd Die--Shape--3x35--,
Strnd Die,Shape,1,Nos,3.5x150,,,,at machine,Strnd Die--Shape--3.5x150--,
Strnd Die,Shape,1,Nos,4x400,,,,at machine,Strnd Die--Shape--4x400--,
Strnd Die,Shape,1,Nos,4x300,,,,at machine,Strnd Die--Shape--4x300--,
Strnd Die,Shape,1,Nos,Nx185,,,,at machine,Strnd Die--Shape--Nx185--,
Strnd Die,Shape,1,Nos,3.5x70,,,,at machine,Strnd Die--Shape--3.5x70--,
Strnd Die,Shape,1,Nos,4x50,,,,at machine,Strnd Die--Shape--4x50--,
Strnd Die,Shape,1,Nos,4x95,,,,at machine,Strnd Die--Shape--4x95--,
Strnd Die,Shape,1,Nos,4x25,,,,at machine,Strnd Die--Shape--4x25--,
Strnd Die,Shape,1,Nos,4x300,,,,at machine,Strnd Die--Shape--4x300--,
Strnd Die,Shape,1,Nos,3x50,,,,at machine,Strnd Die--Shape--3x50--,
Strnd Die,Shape,1,Nos,4x25,,,,at machine,Strnd Die--Shape--4x25--,
Strnd Die,Shape,1,Nos,3x70,,,,at machine,Strnd Die--Shape--3x70--,
Strnd Die,Shape,1,Nos,Nx500,,,,at machine,Strnd Die--Shape--Nx500--,
Strnd Die,Shape,1,Nos,3x300,,,,at machine,Strnd Die--Shape--3x300--,
Strnd Die,Shape,1,Nos,Nx630,,,,at machine,Strnd Die--Shape--Nx630--,
Strnd Die,Shape,1,Nos,Nx630,,,,at machine,Strnd Die--Shape--Nx630--,
Strnd Die,Shape,1,Nos,3.5x150,,,,at machine,Strnd Die--Shape--3.5x150--,
Strnd Die,Shape,1,Nos,3.5x50,,,,at machine,Strnd Die--Shape--3.5x50--,
Strnd Die,Shape,1,Nos,3x150,,,,at machine,Strnd Die--Shape--3x150--,
Strnd Die,Shape,1,Nos,3.5x400,,,,at machine,Strnd Die--Shape--3.5x400--,
Strnd Die,Shape,1,Nos,Nx95,,,,at machine,Strnd Die--Shape--Nx95--,
Strnd Die,Shape,1,Nos,4X300,,,,at machine,Strnd Die--Shape--4X300--,
Strnd Die,Shape,1,Nos,3.5X300,,,,at machine,Strnd Die--Shape--3.5X300--,
Strnd Die,Shape,1,Nos,NX70,,,,at machine,Strnd Die--Shape--NX70--,
Strnd Die,Shape,1,Nos,NX240,,,,at machine,Strnd Die--Shape--NX240--,
Strnd Die,Shape,1,Nos,4X240,,,,at machine,Strnd Die--Shape--4X240--,
Strnd Die,Shape,1,Nos,4X240,,,,at machine,Strnd Die--Shape--4X240--,
Strnd Die,Shape,1,Nos,3.5X500,,,,at machine,Strnd Die--Shape--3.5X500--,
Strnd Die,Shape,1,Nos,3.5X185,,,,at machine,Strnd Die--Shape--3.5X185--,
Strnd Die,Shape,1,Nos,3X95,,,,at machine,Strnd Die--Shape--3X95--,
Strnd Die,Shape,1,Nos,NX300,,,,at machine,Strnd Die--Shape--NX300--,
Strnd Die,Shape,1,Nos,3.5X400,,,,at machine,Strnd Die--Shape--3.5X400--,
Strnd Die,Shape,1,Nos,3X400,,,,at machine,Strnd Die--Shape--3X400--,
Strnd Die,Shape,1,Nos,3.5X35,,,,at machine,Strnd Die--Shape--3.5X35--,
Strnd Die,Shape,1,Nos,3.5X400,,,,at machine,Strnd Die--Shape--3.5X400--,
Strnd Die,Shape,1,Nos,3.5X630,,,,at machine,Strnd Die--Shape--3.5X630--,
Strnd Die,Shape,1,Nos,3X240,,,,at machine,Strnd Die--Shape--3X240--,
Strnd Die,Shape,1,Nos,4X25,,,,at machine,Strnd Die--Shape--4X25--,
Strnd Die,Shape,1,Nos,2X120,,,,at machine,Strnd Die--Shape--2X120--,
Strnd Die,Shape,1,Nos,2X50,,,,at machine,Strnd Die--Shape--2X50--,
Lay Die,,1,Nos,31,mm,,,at machine,Lay Die----31--mm,
Lay Die,,1,Nos,39,mm,,,at machine,Lay Die----39--mm,
Lay Die,,1,Nos,28,mm,,,at machine,Lay Die----28--mm,
Lay Die,,1,Nos,32.5,mm,,,at machine,Lay Die----32.5--mm,
Lay Die,,1,Nos,29.1,mm,,,at machine,Lay Die----29.1--mm,
Lay Die,,1,Nos,50,mm,,,at machine,Lay Die----50--mm,
Lay Die,,1,Nos,45,mm,,,at machine,Lay Die----45--mm,
Lay Die,,1,Nos,26,mm,,,at machine,Lay Die----26--mm,
Lay Die,,1,Nos,56,mm,,,at machine,Lay Die----56--mm,
Lay Die,,1,Nos,55,mm,,,at machine,Lay Die----55--mm,
Lay Die,,1,Nos,51.2,mm,,,at machine,Lay Die----51.2--mm,
Lay Die,,1,Nos,49,mm,,,at machine,Lay Die----49--mm,
Lay Die,,1,Nos,55,mm,,,at machine,Lay Die----55--mm,
Lay Die,,1,Nos,33,mm,,,at machine,Lay Die----33--mm,
Lay Die,,1,Nos,55,mm,,,at machine,Lay Die----55--mm,
Lay Die,,1,Nos,23.5,mm,,,at machine,Lay Die----23.5--mm,
Lay Die,,1,Nos,54,mm,,,at machine,Lay Die----54--mm,
Lay Die,,1,Nos,36,mm,,,at machine,Lay Die----36--mm,
Lay Die,,1,Nos,52,mm,,,at machine,Lay Die----52--mm,
Lay Die,,1,Nos,46,mm,,,at machine,Lay Die----46--mm,
Lay Die,,1,Nos,44,mm,,,at machine,Lay Die----44--mm,
Lay Die,,1,Nos,47,mm,,,at machine,Lay Die----47--mm,
Lay Die,,1,Nos,42,mm,,,at machine,Lay Die----42--mm,
Lay Die,,1,Nos,44,mm,,,at machine,Lay Die----44--mm,
Lay Die,,1,Nos,51.5,mm,,,at machine,Lay Die----51.5--mm,
Lay Die,,1,Nos,41,mm,,,at machine,Lay Die----41--mm,
Lay Die,,1,Nos,41.6,mm,,,at machine,Lay Die----41.6--mm,
Lay Die,,1,Nos,34,mm,,,at machine,Lay Die----34--mm,
Lay Die,,1,Nos,35,mm,,,at machine,Lay Die----35--mm,
Lay Die,,1,Nos,37,mm,,,at machine,Lay Die----37--mm,
Lay Die,,1,Nos,37,mm,,,at machine,Lay Die----37--mm,
Lay Die,,1,Nos,53,mm,,,at machine,Lay Die----53--mm,
Lay Die,,1,Nos,50.5,mm,,,at machine,Lay Die----50.5--mm,
Lay Die,,1,Nos,43,mm,,,at machine,Lay Die----43--mm,
Lay Die,,1,Nos,34.3,mm,,,at machine,Lay Die----34.3--mm,
Lay Die,,1,Nos,37,mm,,,at machine,Lay Die----37--mm,
Lay Die,,1,Nos,69.5,mm,,,at machine,Lay Die----69.5--mm,
Lay Die,,1,Nos,38.3,mm,,,at machine,Lay Die----38.3--mm,
Lay Die,,1,Nos,30,mm,,,at machine,Lay Die----30--mm,
Lay Die,,1,Nos,46.7,mm,,,at machine,Lay Die----46.7--mm,
Lay Die,,1,Nos,32,mm,,,at machine,Lay Die----32--mm,
Ms  pulley,C/4,1,Nos,"10""",70,18X8,,3G,"Ms  pulley--C/4--10""--70",
Ms  pulley,C/3,1,Nos,"8""",55,16X8,,3F,"Ms  pulley--C/3--8""--55",
Ms  pulley,C/4,1,Nos,"7""",55,16X8,,3G,"Ms  pulley--C/4--7""--55",
Ms  pulley,C/4,1,Nos,"8.5""",56,16X8,,3G,"Ms  pulley--C/4--8.5""--56",
Ms  pulley,C/4,1,Nos,"14""",28,20X10,,3G,"Ms  pulley--C/4--14""--28",
Ms  pulley,C/5,1,Nos,"8.5""",75,20X10,,3H,"Ms  pulley--C/5--8.5""--75",
Ms  pulley,C/5,1,Nos,"10""",NEW,,,3H,"Ms  pulley--C/5--10""--NEW",
Ms  pulley,C/3,1,Nos,"4""",40,12X6,,3F,"Ms  pulley--C/3--4""--40",
Ms  pulley,C/3,1,Nos,"6.5""",48,12X6,,3F,"Ms  pulley--C/3--6.5""--48",
Ms  pulley,C/3,1,Nos,"4""",NEW,,,3F,"Ms  pulley--C/3--4""--NEW",
Ms  pulley,C/3,1,Nos,"6""",53,12X6,,3F,"Ms  pulley--C/3--6""--53",
Ms  pulley,C/3,1,Nos,"6""",53,12X6,,3F,"Ms  pulley--C/3--6""--53",
Ms  pulley,C/3,1,Nos,"7.5""",50,16X8,,3F,"Ms  pulley--C/3--7.5""--50",
Ms  pulley,C/3,1,Nos,"8""",58,,,3F,"Ms  pulley--C/3--8""--58",
Ms  pulley,C/1,1,Nos,"10.5""",60,,,3F,"Ms  pulley--C/1--10.5""--60",
Ms  pulley,C/4,1,Nos,"12""",56,8X4,,3G,"Ms  pulley--C/4--12""--56",
Ms  pulley,B/1,1,Nos,"5""",28,,,3F,"Ms  pulley--B/1--5""--28",
Ms  pulley,C/1,1,Nos,"4.5""",32,10X5,,3F,"Ms  pulley--C/1--4.5""--32",
Ms  pulley,B/2,1,Nos,"15.5""",42,10X5,,3E,"Ms  pulley--B/2--15.5""--42",
Ms  pulley,B/2,1,Nos,"10""",42,12X6,,3E,"Ms  pulley--B/2--10""--42",
Ms  pulley,B/2,1,Nos,"8""",,,,3E,"Ms  pulley--B/2--8""--",
Ms  pulley,B/2,1,Nos,"5""",,,,3E,"Ms  pulley--B/2--5""--",
Ms  pulley,B/2,1,Nos,"9.5""",,,,3E,"Ms  pulley--B/2--9.5""--",
Ms  pulley,C/4,1,Nos,"14""",70,,,3G,"Ms  pulley--C/4--14""--70",
Ms  pulley,C/4,1,Nos,"3""",28,,,3G,"Ms  pulley--C/4--3""--28",
Ms  pulley,B/1,1,Nos,"5""",24,,,3F,"Ms  pulley--B/1--5""--24",
WT.SLING PTTA,,29,MTR,3,,,,3C,WT.SLING PTTA----3--,
WT.SLING PTTA,,11,MTR,4,,,,3B,WT.SLING PTTA----4--,
WT.SLING PTTA,,7,MTR,5,,,,3A,WT.SLING PTTA----5--,
WT.SLING PTTA,,5,MTR,3X3,,,,3D,WT.SLING PTTA----3X3--,
FIB. ROLLER,410,1,,1,,,,At Floor,FIB. ROLLER--410--1--,
FIB. ROLLER,410,1,,2,,,,At Floor,FIB. ROLLER--410--2--,
FIB. ROLLER,410,1,,3,,,,At Floor,FIB. ROLLER--410--3--,
FIB. ROLLER,410,1,,4,,,,At Floor,FIB. ROLLER--410--4--,
FIB. ROLLER,410,1,,5,,,,At Floor,FIB. ROLLER--410--5--,
FIB. ROLLER,410,1,,6,,,,At Floor,FIB. ROLLER--410--6--,
FIB. ROLLER,405,1,,7,,,,At Floor,FIB. ROLLER--405--7--,
FIB. ROLLER,410,1,,8,,,,At Floor,FIB. ROLLER--410--8--,
FIB. ROLLER,400,1,,9,,,,At Floor,FIB. ROLLER--400--9--,
FIB. ROLLER,400,1,,10,,,,At Floor,FIB. ROLLER--400--10--,
FIB. ROLLER,410,1,,11,,,,At Floor,FIB. ROLLER--410--11--,
FIB. ROLLER,410,1,,12,,,,At Floor,FIB. ROLLER--410--12--,
FIB. ROLLER,410,1,,13,,,,At Floor,FIB. ROLLER--410--13--,
FIB. ROLLER,410,1,,14,,,,At Floor,FIB. ROLLER--410--14--,
FIB. ROLLER,410,1,,15,,,,At Floor,FIB. ROLLER--410--15--,
FIB. ROLLER,410,1,,16,,,,At Floor,FIB. ROLLER--410--16--,
FIB. ROLLER,410,1,,17,,,,At Floor,FIB. ROLLER--410--17--,
Screw,Self Drilling,4,pkt,3.9x38,,,,14C,Screw--Self Drilling--3.9x38--,
Screw,Self Drilling,7,pkt,4.8x100,,,,14C,Screw--Self Drilling--4.8x100--,
Packing,Bag,1,,,,,,14C,Packing--Bag----,
MOTOR,15hp,1,,,,1,,F1,MOTOR--15hp----,
MOTOR,20hp,1,,,,2,,F1,MOTOR--20hp----,
MOTOR,15hp,1,,,,3,,F1,MOTOR--15hp----,
MOTOR,15hp,1,,,,4,,F1,MOTOR--15hp----,
MOTOR,7.5hp,1,,,,5,,F2,MOTOR--7.5hp----,
MOTOR,2hp,1,,,,6,,F2,MOTOR--2hp----,
MOTOR,15hp,1,,,,7,,F2,MOTOR--15hp----,
MOTOR,15hp,1,,,,8,,F2,MOTOR--15hp----,
MOTOR,2hp,1,,,,9,,2B,MOTOR--2hp----,
MOTOR,2hp,1,,,,10,,2B,MOTOR--2hp----,
MOTOR,2hp,1,,,,11,,2B,MOTOR--2hp----,
MOTOR,2hp,1,,,,12,,2B,MOTOR--2hp----,
MOTOR,2hp,1,,,,13,,2B,MOTOR--2hp----,
MOTOR,0.5hp,1,,,,14,,2B,MOTOR--0.5hp----,
MOTOR,1hp,1,,,,15,,1B,MOTOR--1hp----,
MOTOR,2hp,1,,,,16,,1B,MOTOR--2hp----,
MOTOR,1.5hp,1,,,,17,,1B,MOTOR--1.5hp----,
MOTOR,2hp,1,,,,18,,1B,MOTOR--2hp----,
MOTOR,1hp,1,,,,19,,1B,MOTOR--1hp----,
MOTOR,2hp,1,,,,20,,2C,MOTOR--2hp----,
MOTOR,5hp,1,,,,21,,2C,MOTOR--5hp----,
MOTOR,5hp,1,,,,22,,2C,MOTOR--5hp----,
MOTOR,5hp,1,,,,23,,2C,MOTOR--5hp----,
MOTOR,5hp,1,,,,24,,2C,MOTOR--5hp----,
MOTOR,5hp,1,,,,25,,2C,MOTOR--5hp----,
MOTOR,3hp,1,,,,26,,2C,MOTOR--3hp----,
MOTOR,3hp,1,,,,27,,2C,MOTOR--3hp----,
MOTOR,1hp,1,,,,28,,2A,MOTOR--1hp----,
MOTOR,1hp,1,,,,29,,2A,MOTOR--1hp----,
MOTOR,2hp,1,,,,30,,2A,MOTOR--2hp----,
MOTOR,1hp,1,,,,31,,2B,MOTOR--1hp----,
MOTOR,1hp,1,,,,32,,2B,MOTOR--1hp----,
MOTOR,1hp,1,,,,33,,2B,MOTOR--1hp----,
MOTOR,1hp,1,,,,34,,2B,MOTOR--1hp----,
MOTOR,1hp,1,,,,35,,2B,MOTOR--1hp----,
MOTOR,1hp,1,,,,36,,2B,MOTOR--1hp----,
MOTOR,1hp,1,,,,37,,2A,MOTOR--1hp----,
MOTOR,2hp,1,,,,38,,2A,MOTOR--2hp----,
MOTOR,1.5hp,1,,,,39,,2A,MOTOR--1.5hp----,
MOTOR,3hp,1,,,,40,,2A,MOTOR--3hp----,
MOTOR,2hp,1,,,,41,,2A,MOTOR--2hp----,
FAN MOTOR,,12,,,,,,1A,FAN MOTOR------,
GEAR BOX,42,,,,,,,2A,GEAR BOX--42----,
GEAR BOX,43,,,,,,,2A,GEAR BOX--43----,
GEAR BOX,44,,,,,,,2A,GEAR BOX--44----,
SYN GEAR BOX,45,,,,,,,1A,SYN GEAR BOX--45----,
SYN GEAR BOX,46,,,,,,,2A,SYN GEAR BOX--46----,
CRANE ,clutch,1,Nos,,,,,1C,CRANE --clutch----,
PULLEY,STEP,1,Nos,"6""",,,,3G,"PULLEY--STEP--6""--",
PULLEY,STEP,1,Nos,"3""",,,,3G,"PULLEY--STEP--3""--",
CLUCTH.PULLEY,,1,Nos,"12""",38,,,3E,"CLUCTH.PULLEY----12""--38",
CLUCTH.PULLEY,,1,Nos,"7""",40,,,3E,"CLUCTH.PULLEY----7""--40",
CLUCTH.PULLEY,,1,Nos,"12""",38,,,3E,"CLUCTH.PULLEY----12""--38",
CLUCTH.PULLEY,,1,Nos,"12""",38,,,3E,"CLUCTH.PULLEY----12""--38",
CLUCTH.PULLEY,,1,Nos,"12""",38,,,3E,"CLUCTH.PULLEY----12""--38",
CLUCTH.PULLEY,,1,Nos,"12""",38,,,3E,"CLUCTH.PULLEY----12""--38",
CLUCTH.PULLEY,,1,Nos,"12""",38,,,3E,"CLUCTH.PULLEY----12""--38",
CLUCTH.PULLEY,,1,Nos,"12""",38,,,3E,"CLUCTH.PULLEY----12""--38",
CLUCTH.PULLEY,,1,Nos,"12""",38,,,3E,"CLUCTH.PULLEY----12""--38",
CLUCTH.PULLEY,,1,Nos,"8""",NEW,,,3E,"CLUCTH.PULLEY----8""--NEW",
CLUCTH.PULLEY,,1,Nos,"8""",NEW,,,3E,"CLUCTH.PULLEY----8""--NEW",
CLUTCH.PULLEY,,1,Nos,,,,,3H,CLUTCH.PULLEY------,
FLENCTH,,4,Nos,,,,,3F,FLENCTH------,
CH. SPROKET,24,1,Nos,,,,,3D,CH. SPROKET--24----,
CH. SPROKET,20,1,Nos,,,,,3D,CH. SPROKET--20----,
CH. SPROKET,18,7,Nos,,,,,3D,CH. SPROKET--18----,
GREASE,20KG,8,BUCKET,,,,,AT FLOOR,GREASE--20KG----,
FAVICOL,1X15 KG,3,BUCKET,,,,,AT FLOOR,FAVICOL--1X15 KG----,
SUTALI,,8,BAG,,,,,AT FLOOR,SUTALI------,
WIEL. ROD,3.15X350,43,PKT,,,,,14E,WIEL. ROD--3.15X350----,
WIEL. ROD,2.50X350,1,PKT,,,,,14E,WIEL. ROD--2.50X350----,
WIEL. ROD,4X450,22,PKT,,,,,14E,WIEL. ROD--4X450----,
MECH,CUTTING WHEEL,125,NOS,"5""",,,,11B,"MECH--CUTTING WHEEL--5""--",
MECH,CUTTING WHEEL,45,NOS,"14""",,,,11B,"MECH--CUTTING WHEEL--14""--",
MECH,WRAP.TAPE,9,BAG,,,,,AT FLOOR,MECH--WRAP.TAPE----,
MECH,RESHAM THREAD,2,BAG,,,,,AT FLOOR,MECH--RESHAM THREAD----,
MECH,BREAK SOCKET,13,NOS,,,,,12D,MECH--BREAK SOCKET----,
MECH,BREAK PAD,10,NOS,,,,,12D,MECH--BREAK PAD----,
MECH,TAKE UP NUT,10,NOS,,,,,2   D,MECH--TAKE UP NUT----,
MECH,THUMBEL,50,NOS,95,,,,9C,MECH--THUMBEL--95--,
MECH,CAST IRON COUPLING,4,PCS.,,,,,,MECH--CAST IRON COUPLING----,
MECH,NYLON,4,PCS.,,,,,,MECH--NYLON----,
MECH,WHEEL,12,NOS,"5""",,,,,"MECH--WHEEL--5""--",
Compressor,Pressure Pipe,300,mtr,12',,,,16C,Compressor--Pressure Pipe--12'--,
WEIGHT,50,2,KG,,,,,AT FLOOR,WEIGHT--50----,
WEIGHT,20,2,KG,,,,,AT FLOOR,WEIGHT--20----,
WEIGHT,10,2,KG,,,,,AT FLOOR,WEIGHT--10----,
WEIGHT,5,1,KG,,,,,AT FLOOR,WEIGHT--5----,
Compressor,Pressure Pipe,90,mtr,8',,,,16C,Compressor--Pressure Pipe--8'--,
Compressor,Pu connectorT shape,45,NOS,8 ',,,,16C,Compressor--Pu connectorT shape--8 '--,
OIL SEAL,20x35x07,9,pcs,,,,,11 Top,OIL SEAL--20x35x07----,
OIL SEAL,22x35x07,6,pcs,,,,,11 Top,OIL SEAL--22x35x07----,
OIL SEAL,68x90x10,12,pcs,,,,,11 Top,OIL SEAL--68x90x10----,
OIL SEAL,70x100x13,10,pcs,,,,,11 Top,OIL SEAL--70x100x13----,
OIL SEAL,70x90x10,6,pcs,,,,,11 Top,OIL SEAL--70x90x10----,
OIL SEAL,90x110x13,2,pcs,,,,,11 Top,OIL SEAL--90x110x13----,
OIL SEAL,70x100x10,3,pcs,,,,,11 Top,OIL SEAL--70x100x10----,
OIL SEAL,65x110x13,5,pcs,,,,,11 Top,OIL SEAL--65x110x13----,
OIL SEAL,65x80x10,6,NOS,,,,,11 Top,OIL SEAL--65x80x10----,
OIL SEAL,60x90x10,16,NOS,,,,,11 Top,OIL SEAL--60x90x10----,
OIL SEAL,40x60x10,6,NOS,,,,,11 Top,OIL SEAL--40x60x10----,
OIL SEAL,65x90x13,8,NOS,,,,,11 Top,OIL SEAL--65x90x13----,
OIL SEAL,80x100x100,13,NOS,,,,,11 Top,OIL SEAL--80x100x100----,
OIL SEAL,30x50x7,5,NOS,,,,,11 Top,OIL SEAL--30x50x7----,
OIL SEAL,90x110x10,1,NOS,,,,,11 Top,OIL SEAL--90x110x10----,
OIL SEAL,78x100x10,3,NOS,,,,,11 Top,OIL SEAL--78x100x10----,
OIL SEAL,45x60x10,4,NOS,,,,,11 Top,OIL SEAL--45x60x10----,
OIL SEAL,30x52x10,3,NOS,,,,,11 Top,OIL SEAL--30x52x10----,
OIL SEAL,35x55x10,2,NOS,,,,,11 Top,OIL SEAL--35x55x10----,
OIL SEAL,64x90x12,2,NOS,,,,,11 Top,OIL SEAL--64x90x12----,
OIL SEAL,65x30x18,1,NOS,,,,,11 Top,OIL SEAL--65x30x18----,
OIL SEAL,200x300x37,3,NOS,,,,,11 Top,OIL SEAL--200x300x37----,
OIL SEAL,40x60x10,1,NOS,,,,,11 Top,OIL SEAL--40x60x10----,
OIL SEAL,95x120x13,1,NOS,,,,,11 Top,OIL SEAL--95x120x13----,
OIL SEAL,78x100x13,2,NOS,,,,,11 Top,OIL SEAL--78x100x13----,
WIEL,AL. FLUX,10,BOX,,,,,11A,WIEL--AL. FLUX----,
MECH,BREAK OIL,1,BOTTLE,,,,,11A,MECH--BREAK OIL----,
MECH,CHAIR WHEEL,10,NOS,,,,,11A,MECH--CHAIR WHEEL----,
MECH,UNIOIN NUT TYPE,5,NOS,GI PIPE,,,,11A,MECH--UNIOIN NUT TYPE--GI PIPE--,
MECH,STRAIGHT UNIOIN,3,NOS,GI PIPE,,,,11A,MECH--STRAIGHT UNIOIN--GI PIPE--,
MECH,REDUCER,5,NOS,GI PIPE,,,,11A,MECH--REDUCER--GI PIPE--,
MECH,BEROJA,2,BOX,,,,,11A,MECH--BEROJA----,
MECH,CUTTING WHEEL,80,NOS,"4""",,,,11B,"MECH--CUTTING WHEEL--4""--",
MECH,GRINDING WHEEL,10,NOS,"7""",,,,11B,"MECH--GRINDING WHEEL--7""--",
MECH,GRINDING WHEEL,6,NOS,"4""",,,,11B,"MECH--GRINDING WHEEL--4""--",
MECH,GRINDING WHEEL,19,NOS,"5""",,,,11B,"MECH--GRINDING WHEEL--5""--",
MECH,BUFFING WHEEL,1,NOS,"4""",,,,11B,"MECH--BUFFING WHEEL--4""--",
MECH,CUP BRUSH,1,NOS,"5""",,,,11B,"MECH--CUP BRUSH--5""--",
MECH,DIAMOND CUTTING WHEEL,2,NOS,"4""",,,,11B,"MECH--DIAMOND CUTTING WHEEL--4""--",
MECH,MULTI POINT CUTTING MS,20,NOS,"4""",,,,11B,"MECH--MULTI POINT CUTTING MS--4""--",
MECH,TAFLON TAPE,3,NOS,,,,,11B,MECH--TAFLON TAPE----,
MECH,MULTI POINT CUTTING MS,3,NOS,"3""",,,,11B,"MECH--MULTI POINT CUTTING MS--3""--",
MECH,FASTER NIDLLE TYPE,1,BOX,OLD,,,,11C,MECH--FASTER NIDLLE TYPE--OLD--,
MECH,PLASTIC CUPLING,4,NOS,"3""",,,,11C,"MECH--PLASTIC CUPLING--3""--",
MECH,MS CUPLING,4,NOS,"2""",,,,11C,"MECH--MS CUPLING--2""--",
MECH,NIDLLE (KEEL),6,BOS,"1""",,,,11C,"MECH--NIDLLE (KEEL)--1""--",
MECH,MS VALVE,1,NOS,GATE,,,,11C,MECH--MS VALVE--GATE--,
MECH,HINGE JOINT,1,BOX,KBJA,,,,11C,MECH--HINGE JOINT--KBJA--,
MECH,PLASTIC VALVE,5,NOS,GATE,,,,11C,MECH--PLASTIC VALVE--GATE--,
MECH,Spout,1,NOS,(TONTI),,,,11C,MECH--Spout--(TONTI)--,
MECH,VALVE LOCK,1,NOS,,,,,11D,MECH--VALVE LOCK----,
MECH,MIX CHAIN LOCK,1,BOX,,,,,11D,MECH--MIX CHAIN LOCK----,
MECH,TOKEN TAG,1,BOX,MS,,,,11D,MECH--TOKEN TAG--MS--,
MECH,CHAIN,1,BOX,25.4x17.02x15.85 mm,,,,11D,MECH--CHAIN--25.4x17.02x15.85 mm--,
MECH,CHAIN,1,BOX,31.75x19.56x19.05 mm,,,,11D,MECH--CHAIN--31.75x19.56x19.05 mm--,
MECH,CHAIN SET,2,BOX,,,,,11D,MECH--CHAIN SET----,
MECH,CHOK,3,CARTON,,,,,12TOP,MECH--CHOK----,
MECH,GITTI PLASTIC,,NOS,,,,,12B,MECH--GITTI PLASTIC----,
MECH,FASTER,25,NOS,16,,,,12B,MECH--FASTER--16--,
MECH,FASTER,25,NOS,12,,,,12B,MECH--FASTER--12--,
MECH,FASTER,79,NOS,10,,,,12B,MECH--FASTER--10--,
MECH,SCREW ,1,BOX,BIG & SMALL,,,,12B,MECH--SCREW --BIG & SMALL--,
MECH,SEND PAPER,2,COIL,REGMAL,,,,12B,MECH--SEND PAPER--REGMAL--,
MECH,WARSHER,9,COIL,SMALL,,,,12B,MECH--WARSHER--SMALL--,
MECH,RIPIT & LIFT BEARING,1,NOS,,,,,12B,MECH--RIPIT & LIFT BEARING----,
MECH,FASTNER,1,BEG,BIG,,,,12B,MECH--FASTNER--BIG--,
MECH,HEAT SINK TUBE,2,NOS,22 MM,,,,12C,MECH--HEAT SINK TUBE--22 MM--,
MECH,HEAT SINK TUBE,3,NOS,15 MM,,,,,MECH--HEAT SINK TUBE--15 MM--,
MECH,WINDOW PACKING,2,COIL,,,,,,MECH--WINDOW PACKING----,
MECH,,,NOS,,,,,,MECH------,
MECH,FASTER,15,NOS,8,,,,,MECH--FASTER--8--,
Stove,Cerocin stove,1,pcs,,,,,5B,Stove--Cerocin stove----,
CRANE ,Ms. Gutka,3,NOS,Small,,,,16D,CRANE --Ms. Gutka--Small--,
CRANE ,Rope,3,coil,,,,,5D,CRANE --Rope----,
CRANE ,Celing rope,1,coil,,,,,5D,CRANE --Celing rope----,
Cable,Frame,,,,,,,5C,Cable--Frame----,
WT.SLING PTTA,saftiy belt,1,MTR,,,,,3D,WT.SLING PTTA--saftiy belt----,
ELEC,Flexible pipe,1,coil,,,,,5A,ELEC--Flexible pipe----,
BEARING,E-33018,1,Nos,,,,,13 C,BEARING--E-33018----,
BEARING,6205-C,8,Nos,,,,,13D,BEARING--6205-C----,
BEARING,3216-ST,2,Nos,,,,,13 A,BEARING--3216-ST----,
BEARING,6310-Z,3,Nos,, ,,,"13 A,C",BEARING--6310-Z---- ,
BEARING,6000-2RS,1,Nos,,,,,NA,BEARING--6000-2RS----,
BEARING,6303-2ZR,1,Nos,,,,,13 C,BEARING--6303-2ZR----,
BEARING,30207-DY,1,Nos,,,,,13C,BEARING--30207-DY----,
BEARING,16006,2,Nos,,,,,13 C,BEARING--16006----,
BEARING,F-205,1,Nos,,,,,NA,BEARING--F-205----,
BEARING,33205,1,Nos,,,,,NA,BEARING--33205----,
BEARING,6200-1ZR,1,Nos,,,,,NA,BEARING--6200-1ZR----,
BEARING,6201,1,Nos,,,,,NA,BEARING--6201----,
BEARING,MS12,,,,,,,13A,BEARING--MS12----,
Compressor,Pu connector Reducer,48,NOS,12x8,,,,16C,Compressor--Pu connector Reducer--12x8--,
Mech,scissors,1,NOS, ,,,,16E,Mech--scissors-- --,
Mech,RBD Oil Pipe,1,NOS,,,,,16E,Mech--RBD Oil Pipe----,
CRANE ,Weight hook,2,NOS,,,,,16E,CRANE --Weight hook----,
WIEL,Helmet,9,NOS,,,,,16E,WIEL--Helmet----,
Compressor,Pu L connector,4,NOS,8',,,,16C,Compressor--Pu L connector--8'--,
Compressor,Pu L connector,4,NOS,"0.5""",,,,16C,"Compressor--Pu L connector--0.5""--",
Compressor,Gate Valve/bush,4,NOS,"0.25""",,,,16D,"Compressor--Gate Valve/bush--0.25""--",
Compressor,Pneumatic Cylinder,1,NOS,"6""",,,,16D,"Compressor--Pneumatic Cylinder--6""--",
Compressor,Solonoide valve/coil,6,NOS,,,,,16D,Compressor--Solonoide valve/coil----,
Compressor,Hand Lever Valve,1,NOS,"0.25""",,,,16D,"Compressor--Hand Lever Valve--0.25""--",
Compressor,Pressure Gauge,1,NOS,21 KG,,,,16D,Compressor--Pressure Gauge--21 KG--,
Compressor,Gress gun,2,NOS,,,,,16A,Compressor--Gress gun----,
Compressor,Chucknut,2,NOS,Big size,,,,16A,Compressor--Chucknut--Big size--,
Compressor,chucknut,6,NOS,Small ,,,,16A,Compressor--chucknut--Small --,
Compressor,Pressure Gauge,1,NOS,3000 KG,,,,16D,Compressor--Pressure Gauge--3000 KG--,
Compressor,Pressure Gauge,2,NOS,300KG,,,,16D,Compressor--Pressure Gauge--300KG--,
Housekeeping,Jhadu,4,NOS,Fhool,,,,16top,Housekeeping--Jhadu--Fhool--,
MECH,JOINT Al. pouder,7,NOS,,,,,,MECH--JOINT Al. pouder----,
MECH,JOINT CA. pouder,3,NOS,,,,,,MECH--JOINT CA. pouder----,
Mech,Bell,2,Nos,,,,,12A,Mech--Bell----,
Mech,Knife,270,Nos,,,,,12A,Mech--Knife----,
Mech,Blade,560,Nos,,,,,12A,Mech--Blade----,
Mech,CLUTCH PATTA,2,COIL,"4""",,,,12D,"Mech--CLUTCH PATTA--4""--",
Mech,CLUTCH PATTA,2,COIL,"2""",,,,12E,"Mech--CLUTCH PATTA--2""--",
Mech,CLUTCH PATTA,3,COIL,"1""",,,,12E,"Mech--CLUTCH PATTA--1""--",
Mech,,, ,,,,,,Mech------,
Mech,,,,,,,,,Mech------,
Mech,,,,,,,,,Mech------,
Mech,,,,,,,,,Mech------,
Mech,,,,,,,,,Mech------,
Mech,,,,,,,,,Mech------,
Mech,,,,,,,,,Mech------,
Mech,,,,,,,,,Mech------,
Compressor,U Clamp,14,NOS,Big size,,,,16C,Compressor--U Clamp--Big size--,
Compressor,Gas Burnner,1,NOS,,,,,16A,Compressor--Gas Burnner----,
Compressor,Football water,1,NOS,,,,,16A,Compressor--Football water----,
Compressor,Pressure  Pipe,5,NOS,,,,,16A,Compressor--Pressure  Pipe----,
Compressor,U Clamp,260,NOS,small ,,,,16C,Compressor--U Clamp--small --,
Compressor,Rain Seads,5,NOS,,,,,16C,Compressor--Rain Seads----,
Mech,Level,1,NOS,small ,,,,16C,Mech--Level--small --,
Inspection ,Sealwire,1,coil,,,,,16D,Inspection --Sealwire----,
Compressor,Floor jali,3,NOS,,,,,16A,Compressor--Floor jali----,
Compressor,M Seal,5,Pair,,,,,16A,Compressor--M Seal----,
Compressor,Spring,2,NOS,,,,,16A,Compressor--Spring----,
Compressor,Air Filter,3,pcs,,,,,16D,Compressor--Air Filter----,
Compressor,Pu Union,1,NOS,"4""",,,,16C,"Compressor--Pu Union--4""--",
Compressor,Pu Union,1,NOS,"0.25""",,,,16C,"Compressor--Pu Union--0.25""--",
Compressor,Pu Union,1,NOS,"0.5""",,,,16C,"Compressor--Pu Union--0.5""--",
Compressor,Scoket,3,NOS,,,,,16D,Compressor--Scoket----,
Compressor,Glan Dori,1,coil,,,,,16D,Compressor--Glan Dori----,
CRANE ,Crane Gutka bekolite,11,NOS,,,,,16D,CRANE --Crane Gutka bekolite----,
Compressor,oil filter,1,NOS,,,,,16D,Compressor--oil filter----,
Crane,Crane Hook,1,NOS,1200 kg,,,,16A,Crane--Crane Hook--1200 kg--,
Embossing ,Wheel,1,Box,,,,,13-Floor,Embossing --Wheel----,
Mech,Counter meter,7,Nos,1:2,,,,15A,Mech--Counter meter--1:2--,
Mech,Counter meter,7,Nos,1:1,,,,15A,Mech--Counter meter--1:1--,
Mech,Door Closer,1,Nos,,,,,15A,Mech--Door Closer----,
Mech,Wire brush,1,Nos,,,,,15A,Mech--Wire brush----,
Mech,pecking,6,Nos,,,,,wall,Mech--pecking----,
Mech,Painting Brush,9,Nos,"5""",,,,15A,"Mech--Painting Brush--5""--",
Mech,Painting Brush,1,Nos,"3""",,,,15A,"Mech--Painting Brush--3""--",
Mech,Cotton tape,2,Box,,,,,15C,Mech--Cotton tape----,
Embossing ,Printing Tape ,1,Box,white,,,,15D,Embossing --Printing Tape --white--,
Embossing ,Marking tape,1,Nos,DHBVN,,,,15D,Embossing --Marking tape--DHBVN--,
Mech,Travrse Unit,2,Nos,40',,,,15E,Mech--Travrse Unit--40'--,
ELEC,ThermoCouple,12,Nos,5 mtr,,,,8C,ELEC--ThermoCouple--5 mtr--,
ELEC,ThermoCouple,3,Nos,3 mtr,,,,8C,ELEC--ThermoCouple--3 mtr--,
ELEC,Gitti,432,Pkt,10 mm,,,,9C,ELEC--Gitti--10 mm--,
ELEC,Gitti,1100,Pkt,7 mm,,,,9C,ELEC--Gitti--7 mm--,
ELEC,Fan Stainer covering,13,Nos,,,,,2 Top,ELEC--Fan Stainer covering----,
ELEC,HETER ELEMENT,1,Nos,,,,,7C,ELEC--HETER ELEMENT----,
ELEC,Back up Fuse,1,Nos,100 Amp,,,,9C,ELEC--Back up Fuse--100 Amp--,
,,,,,,,,,,
,,,,,,,,,,
ELEC,Insulation Tester,1,Nos,,,,,10B,ELEC--Insulation Tester----,
ELEC,Extension Board,1,Nos,16 amp,,,,10B,ELEC--Extension Board--16 amp--,
ELEC,Trnasformer,1,Nos,,,,,8B,ELEC--Trnasformer----,
PEDSTRAL,P-211,2,Nos,,,,,13 E,PEDSTRAL--P-211----,
PEDSTRAL,P-210,3,Nos,,,,,13 E,PEDSTRAL--P-210----,
PEDSTRAL,P-208,2,Nos,,,,,13 E,PEDSTRAL--P-208----,
PEDSTRAL,P-209,1,Nos,,,,,13 E,PEDSTRAL--P-209----,
PEDSTRAL,P-213,3,Nos,,,,,13 E,PEDSTRAL--P-213----,
Mech,MIXED PLASTIC PIPE FITTINGS,,Nos,MATERIAL,,,,20 TOP,Mech--MIXED PLASTIC PIPE FITTINGS--MATERIAL--,
Mech,NIPPLE PIPE,9,Nos,"6""",,,,20D,"Mech--NIPPLE PIPE--6""--",
Mech,NIPPLE PIPE,5,Nos,"1.5""",,,,20D,"Mech--NIPPLE PIPE--1.5""--",
Mech,PIPE LOCK,,Nos,,,,,20D,Mech--PIPE LOCK----,
Mech,SEAL DHAGA,,Nos,,,,,20D,Mech--SEAL DHAGA----,
Mech,ELBOW,17,Nos,32',,,,20A,Mech--ELBOW--32'--,
Mech,TEE,13,Nos,32',,,,20A,Mech--TEE--32'--,
Mech,SOCKET,17,Nos,32',,,,20B,Mech--SOCKET--32'--,
Mech,UNION,6,Nos,32',,,,20B,Mech--UNION--32'--,
Mech,BALL VALVE,1,Nos,32',,,,20C,Mech--BALL VALVE--32'--,
Mech,SOCKET,9,Nos,20',,,,20B,Mech--SOCKET--20'--,
Mech,TEE,13,Nos,20',,,,20C,Mech--TEE--20'--,
Mech,UNION,6,Nos,20',,,,20B,Mech--UNION--20'--,
Mech,T REDUCER,10,Nos,32X20',,,,20A,Mech--T REDUCER--32X20'--,
Mech,BALL VALVE,11,Nos,20',,,,20C,Mech--BALL VALVE--20'--,
Mech,ELBOW REDUCER,2,Nos,25'X12',,,,20C,Mech--ELBOW REDUCER--25'X12'--,
Mech,REDUCER,2,Nos,32'X20',,,,20C,Mech--REDUCER--32'X20'--,
Mech,THRED CUTTING DIE,2,BOX,PIPE,,,,20I,Mech--THRED CUTTING DIE--PIPE--,
Mech,DIE HOLDER,2,BOX,PIPE,,,,20I,Mech--DIE HOLDER--PIPE--,
Mech,RED ,3,Nos,PAINT,,,,17A,Mech--RED --PAINT--,
Mech,WHITE,1,Nos,PAINT,,,,17A,Mech--WHITE--PAINT--,
Mech,BLUE,1,Nos,PAINT,,,,17A,Mech--BLUE--PAINT--,
Mech,YELLOW,1,Nos,PAINT,,,,17A,Mech--YELLOW--PAINT--,
Tool,Spanner,9,Nos,3 /4,,,,18A,Tool--Spanner--3 /4--,
Tool,Spanner,9,Nos,4 /5,,,,18A,Tool--Spanner--4 /5--,
Tool,Spanner,9,Nos,5 /6,,,,18A,Tool--Spanner--5 /6--,
Tool,Ring Spanner,14,Nos,4 /5,,,,18A,Tool--Ring Spanner--4 /5--,
Tool,Ring Spanner,9,Nos,5 /6,,,,18B,Tool--Ring Spanner--5 /6--,
Tool,Ring Spanner,7,Nos,3/4,,,,18B,Tool--Ring Spanner--43558--,
Tool,Spanner,3,Nos,"2""",,,,18B,"Tool--Spanner--2""--",
Tool,Spanner,13,Nos,6/ 7,,,,18B,Tool--Spanner--6/ 7--,
Tool,Hammer Drill,1,Nos,14x450,,,,18B,Tool--Hammer Drill--14x450--,
Tool,Celling Fan,6,Nos,,,,,19A,Tool--Celling Fan----,
Safety,Mask,200,Nos,Normal,,,,12A,Safety--Mask--Normal--,
Safety,Mask,19,Nos,special,,,,12A,Safety--Mask--special--,
ELEC,Hr tape,30,Mtr,fiber,,,,on flor,ELEC--Hr tape--fiber--,
,,,,,,,,,------,
,,,,,,,,,------,
,,,,,,,,,------,
,,,,,,,,,------,
,,,,,,,,,------,
,,,,,,,,,------,
,,,,,,,,,------,
,,,,,,,,,------,
,,,,,,,,,------,
,,,,,,,,,------,